objectFilename,objectUrl,objectFileSize,objectId,objectDescription,objectType
32847_1020705388_0007-00000.jpg,https://s3.amazonaws.com/NARAprodstorage/lz/partnerships/32847/0001/DD01562/32847_1020705388_0007/32847_1020705388_0007-00000.jpg,1209148,119895136,Image provided by Ancestry.,Image (JPG)
32847_1020705388_0007-00001.jpg,https://s3.amazonaws.com/NARAprodstorage/lz/partnerships/32847/0001/DD01562/32847_1020705388_0007/32847_1020705388_0007-00001.jpg,2550525,119895137,Image provided by Ancestry.,Image (JPG)
32847_1020705388_0007-00002.jpg,https://s3.amazonaws.com/NARAprodstorage/lz/partnerships/32847/0001/DD01562/32847_1020705388_0007/32847_1020705388_0007-00002.jpg,2632013,119895138,"Ship Name: Rosina Broom, 1820. Image provided by Ancestry.",Image (JPG)
32847_1020705388_0007-00003.jpg,https://s3.amazonaws.com/NARAprodstorage/lz/partnerships/32847/0001/DD01562/32847_1020705388_0007/32847_1020705388_0007-00003.jpg,2398818,119895139,"Ship Name: Alabama, 1820. Image provided by Ancestry.",Image (JPG)
32847_1020705388_0007-00004.jpg,https://s3.amazonaws.com/NARAprodstorage/lz/partnerships/32847/0001/DD01562/32847_1020705388_0007/32847_1020705388_0007-00004.jpg,2297641,119895140,Image provided by Ancestry.,Image (JPG)
32847_1020705388_0007-00005.jpg,https://s3.amazonaws.com/NARAprodstorage/lz/partnerships/32847/0001/DD01562/32847_1020705388_0007/32847_1020705388_0007-00005.jpg,2405279,119895141,Image provided by Ancestry.,Image (JPG)
32847_1020705388_0007-00006.jpg,https://s3.amazonaws.com/NARAprodstorage/lz/partnerships/32847/0001/DD01562/32847_1020705388_0007/32847_1020705388_0007-00006.jpg,2524110,119895142,"Ship Name: Sloop, 1822 Apr 10. Image provided by Ancestry.",Image (JPG)
32847_1020705388_0007-00007.jpg,https://s3.amazonaws.com/NARAprodstorage/lz/partnerships/32847/0001/DD01562/32847_1020705388_0007/32847_1020705388_0007-00007.jpg,2104413,119895143,Image provided by Ancestry.,Image (JPG)
32847_1020705388_0007-00008.jpg,https://s3.amazonaws.com/NARAprodstorage/lz/partnerships/32847/0001/DD01562/32847_1020705388_0007/32847_1020705388_0007-00008.jpg,2385849,119895144,"Ship Name: Genl Carrot, 1822. Image provided by Ancestry.",Image (JPG)
32847_1020705388_0007-00009.jpg,https://s3.amazonaws.com/NARAprodstorage/lz/partnerships/32847/0001/DD01562/32847_1020705388_0007/32847_1020705388_0007-00009.jpg,2215061,119895145,Image provided by Ancestry.,Image (JPG)
32847_1020705388_0007-00010.jpg,https://s3.amazonaws.com/NARAprodstorage/lz/partnerships/32847/0001/DD01562/32847_1020705388_0007/32847_1020705388_0007-00010.jpg,2372505,119895146,"Ship Name: Herald, 1822. Image provided by Ancestry.",Image (JPG)
32847_1020705388_0007-00011.jpg,https://s3.amazonaws.com/NARAprodstorage/lz/partnerships/32847/0001/DD01562/32847_1020705388_0007/32847_1020705388_0007-00011.jpg,2611798,119895147,Image provided by Ancestry.,Image (JPG)
32847_1020705388_0007-00012.jpg,https://s3.amazonaws.com/NARAprodstorage/lz/partnerships/32847/0001/DD01562/32847_1020705388_0007/32847_1020705388_0007-00012.jpg,1981841,119895148,"Ship Name: Sun, 1828 Sep 18. Image provided by Ancestry.",Image (JPG)
32847_1020705388_0007-00013.jpg,https://s3.amazonaws.com/NARAprodstorage/lz/partnerships/32847/0001/DD01562/32847_1020705388_0007/32847_1020705388_0007-00013.jpg,3559770,119895149,Image provided by Ancestry.,Image (JPG)
32847_1020705388_0007-00014.jpg,https://s3.amazonaws.com/NARAprodstorage/lz/partnerships/32847/0001/DD01562/32847_1020705388_0007/32847_1020705388_0007-00014.jpg,2474869,119895150,Image provided by Ancestry.,Image (JPG)
32847_1020705388_0007-00015.jpg,https://s3.amazonaws.com/NARAprodstorage/lz/partnerships/32847/0001/DD01562/32847_1020705388_0007/32847_1020705388_0007-00015.jpg,2779629,119895151,Image provided by Ancestry.,Image (JPG)
32847_1020705388_0007-00016.jpg,https://s3.amazonaws.com/NARAprodstorage/lz/partnerships/32847/0001/DD01562/32847_1020705388_0007/32847_1020705388_0007-00016.jpg,2053497,119895152,1824. Image provided by Ancestry.,Image (JPG)
32847_1020705388_0007-00017.jpg,https://s3.amazonaws.com/NARAprodstorage/lz/partnerships/32847/0001/DD01562/32847_1020705388_0007/32847_1020705388_0007-00017.jpg,2406103,119895153,"Ship Name: Munroe, 1824. Image provided by Ancestry.",Image (JPG)
32847_1020705388_0007-00018.jpg,https://s3.amazonaws.com/NARAprodstorage/lz/partnerships/32847/0001/DD01562/32847_1020705388_0007/32847_1020705388_0007-00018.jpg,2305450,119895154,Image provided by Ancestry.,Image (JPG)
32847_1020705388_0007-00019.jpg,https://s3.amazonaws.com/NARAprodstorage/lz/partnerships/32847/0001/DD01562/32847_1020705388_0007/32847_1020705388_0007-00019.jpg,2087710,119895155,"Ship Name: Schooner, 1824. Image provided by Ancestry.",Image (JPG)
32847_1020705388_0007-00020.jpg,https://s3.amazonaws.com/NARAprodstorage/lz/partnerships/32847/0001/DD01562/32847_1020705388_0007/32847_1020705388_0007-00020.jpg,2638631,119895156,Image provided by Ancestry.,Image (JPG)
32847_1020705388_0007-00021.jpg,https://s3.amazonaws.com/NARAprodstorage/lz/partnerships/32847/0001/DD01562/32847_1020705388_0007/32847_1020705388_0007-00021.jpg,2075313,119895157,"Ship Name: Herald, 1824. Image provided by Ancestry.",Image (JPG)
32847_1020705388_0007-00022.jpg,https://s3.amazonaws.com/NARAprodstorage/lz/partnerships/32847/0001/DD01562/32847_1020705388_0007/32847_1020705388_0007-00022.jpg,2326561,119895158,Image provided by Ancestry.,Image (JPG)
32847_1020705388_0007-00023.jpg,https://s3.amazonaws.com/NARAprodstorage/lz/partnerships/32847/0001/DD01562/32847_1020705388_0007/32847_1020705388_0007-00023.jpg,2042819,119895159,"Ship Name: Thorn, 1824. Image provided by Ancestry.",Image (JPG)
32847_1020705388_0007-00024.jpg,https://s3.amazonaws.com/NARAprodstorage/lz/partnerships/32847/0001/DD01562/32847_1020705388_0007/32847_1020705388_0007-00024.jpg,2206522,119895160,Image provided by Ancestry.,Image (JPG)
32847_1020705388_0007-00025.jpg,https://s3.amazonaws.com/NARAprodstorage/lz/partnerships/32847/0001/DD01562/32847_1020705388_0007/32847_1020705388_0007-00025.jpg,2406463,119895161,"Ship Name: Harriet, 1824. Image provided by Ancestry.",Image (JPG)
32847_1020705388_0007-00026.jpg,https://s3.amazonaws.com/NARAprodstorage/lz/partnerships/32847/0001/DD01562/32847_1020705388_0007/32847_1020705388_0007-00026.jpg,2883491,119895162,Image provided by Ancestry.,Image (JPG)
32847_1020705388_0007-00027.jpg,https://s3.amazonaws.com/NARAprodstorage/lz/partnerships/32847/0001/DD01562/32847_1020705388_0007/32847_1020705388_0007-00027.jpg,1219094,119895163,Image provided by Ancestry.,Image (JPG)
32847_1020705388_0007-00028.jpg,https://s3.amazonaws.com/NARAprodstorage/lz/partnerships/32847/0001/DD01562/32847_1020705388_0007/32847_1020705388_0007-00028.jpg,2600043,119895164,Image provided by Ancestry.,Image (JPG)
32847_1020705388_0007-00029.jpg,https://s3.amazonaws.com/NARAprodstorage/lz/partnerships/32847/0001/DD01562/32847_1020705388_0007/32847_1020705388_0007-00029.jpg,2291859,119895165,"Ship Name: Creoule, 1825. Image provided by Ancestry.",Image (JPG)
32847_1020705388_0007-00030.jpg,https://s3.amazonaws.com/NARAprodstorage/lz/partnerships/32847/0001/DD01562/32847_1020705388_0007/32847_1020705388_0007-00030.jpg,2563046,119895166,Image provided by Ancestry.,Image (JPG)
32847_1020705388_0007-00031.jpg,https://s3.amazonaws.com/NARAprodstorage/lz/partnerships/32847/0001/DD01562/32847_1020705388_0007/32847_1020705388_0007-00031.jpg,2374631,119895167,"Ship Name: Creole, 1825. Image provided by Ancestry.",Image (JPG)
32847_1020705388_0007-00032.jpg,https://s3.amazonaws.com/NARAprodstorage/lz/partnerships/32847/0001/DD01562/32847_1020705388_0007/32847_1020705388_0007-00032.jpg,1959262,119895168,"Ship Name: Lilac, 1825. Image provided by Ancestry.",Image (JPG)
32847_1020705388_0007-00033.jpg,https://s3.amazonaws.com/NARAprodstorage/lz/partnerships/32847/0001/DD01562/32847_1020705388_0007/32847_1020705388_0007-00033.jpg,2236368,119895169,Image provided by Ancestry.,Image (JPG)
32847_1020705388_0007-00034.jpg,https://s3.amazonaws.com/NARAprodstorage/lz/partnerships/32847/0001/DD01562/32847_1020705388_0007/32847_1020705388_0007-00034.jpg,1762431,119895170,"Ship Name: Creole, 1825. Image provided by Ancestry.",Image (JPG)
32847_1020705388_0007-00035.jpg,https://s3.amazonaws.com/NARAprodstorage/lz/partnerships/32847/0001/DD01562/32847_1020705388_0007/32847_1020705388_0007-00035.jpg,1997934,119895171,Image provided by Ancestry.,Image (JPG)
32847_1020705388_0007-00036.jpg,https://s3.amazonaws.com/NARAprodstorage/lz/partnerships/32847/0001/DD01562/32847_1020705388_0007/32847_1020705388_0007-00036.jpg,2191006,119895172,Image provided by Ancestry.,Image (JPG)
32847_1020705388_0007-00037.jpg,https://s3.amazonaws.com/NARAprodstorage/lz/partnerships/32847/0001/DD01562/32847_1020705388_0007/32847_1020705388_0007-00037.jpg,1922476,119895173,"Ship Name: Virginia, 1825 Oct 29. Image provided by Ancestry.",Image (JPG)
32847_1020705388_0007-00038.jpg,https://s3.amazonaws.com/NARAprodstorage/lz/partnerships/32847/0001/DD01562/32847_1020705388_0007/32847_1020705388_0007-00038.jpg,2064639,119895174,"Ship Name: Emblem, 1825. Image provided by Ancestry.",Image (JPG)
32847_1020705388_0007-00039.jpg,https://s3.amazonaws.com/NARAprodstorage/lz/partnerships/32847/0001/DD01562/32847_1020705388_0007/32847_1020705388_0007-00039.jpg,2295898,119895175,Image provided by Ancestry.,Image (JPG)
32847_1020705388_0007-00040.jpg,https://s3.amazonaws.com/NARAprodstorage/lz/partnerships/32847/0001/DD01562/32847_1020705388_0007/32847_1020705388_0007-00040.jpg,1865692,119895176,"Ship Name: Emblem, 1825 Nov 10. Image provided by Ancestry.",Image (JPG)
32847_1020705388_0007-00041.jpg,https://s3.amazonaws.com/NARAprodstorage/lz/partnerships/32847/0001/DD01562/32847_1020705388_0007/32847_1020705388_0007-00041.jpg,2215989,119895177,Image provided by Ancestry.,Image (JPG)
32847_1020705388_0007-00042.jpg,https://s3.amazonaws.com/NARAprodstorage/lz/partnerships/32847/0001/DD01562/32847_1020705388_0007/32847_1020705388_0007-00042.jpg,1738315,119895178,"Ship Name: Virginia, 1825. Image provided by Ancestry.",Image (JPG)
32847_1020705388_0007-00043.jpg,https://s3.amazonaws.com/NARAprodstorage/lz/partnerships/32847/0001/DD01562/32847_1020705388_0007/32847_1020705388_0007-00043.jpg,1967095,119895179,Image provided by Ancestry.,Image (JPG)
32847_1020705388_0007-00044.jpg,https://s3.amazonaws.com/NARAprodstorage/lz/partnerships/32847/0001/DD01562/32847_1020705388_0007/32847_1020705388_0007-00044.jpg,2339061,119895180,Image provided by Ancestry.,Image (JPG)
32847_1020705388_0007-00045.jpg,https://s3.amazonaws.com/NARAprodstorage/lz/partnerships/32847/0001/DD01562/32847_1020705388_0007/32847_1020705388_0007-00045.jpg,4450969,119895181,"Ship Name: Schooner Virginia, 1825 Nov 14. Image provided by Ancestry.",Image (JPG)
32847_1020705388_0007-00045.jpg,https://s3.amazonaws.com/NARAprodstorage/lz/partnerships/32847/0001/DD01562/32847_1020705388_0007/32847_1020705388_0007-00045.jpg,4450969,119895182,"Ship Name: Virginia, 1825 Nov 14. Image provided by Ancestry.",Image (JPG)
32847_1020705388_0007-00046.jpg,https://s3.amazonaws.com/NARAprodstorage/lz/partnerships/32847/0001/DD01562/32847_1020705388_0007/32847_1020705388_0007-00046.jpg,1971561,119895183,Image provided by Ancestry.,Image (JPG)
32847_1020705388_0007-00047.jpg,https://s3.amazonaws.com/NARAprodstorage/lz/partnerships/32847/0001/DD01562/32847_1020705388_0007/32847_1020705388_0007-00047.jpg,3130818,119895184,Image provided by Ancestry.,Image (JPG)
32847_1020705388_0007-00048.jpg,https://s3.amazonaws.com/NARAprodstorage/lz/partnerships/32847/0001/DD01562/32847_1020705388_0007/32847_1020705388_0007-00048.jpg,2069531,119895185,"Ship Name: Cheole, 1825. Image provided by Ancestry.",Image (JPG)
32847_1020705388_0007-00049.jpg,https://s3.amazonaws.com/NARAprodstorage/lz/partnerships/32847/0001/DD01562/32847_1020705388_0007/32847_1020705388_0007-00049.jpg,2115384,119895186,Image provided by Ancestry.,Image (JPG)
32847_1020705388_0007-00050.jpg,https://s3.amazonaws.com/NARAprodstorage/lz/partnerships/32847/0001/DD01562/32847_1020705388_0007/32847_1020705388_0007-00050.jpg,1839678,119895187,"Ship Name: Virginia, 1825 Dec 6. Image provided by Ancestry.",Image (JPG)
32847_1020705388_0007-00051.jpg,https://s3.amazonaws.com/NARAprodstorage/lz/partnerships/32847/0001/DD01562/32847_1020705388_0007/32847_1020705388_0007-00051.jpg,1960501,119895188,Image provided by Ancestry.,Image (JPG)
32847_1020705388_0007-00052.jpg,https://s3.amazonaws.com/NARAprodstorage/lz/partnerships/32847/0001/DD01562/32847_1020705388_0007/32847_1020705388_0007-00052.jpg,1252180,119895189,Image provided by Ancestry.,Image (JPG)
32847_1020705388_0007-00053.jpg,https://s3.amazonaws.com/NARAprodstorage/lz/partnerships/32847/0001/DD01562/32847_1020705388_0007/32847_1020705388_0007-00053.jpg,2558888,119895190,"Ship Name: Cuba, 1826 Dec 9. Image provided by Ancestry.",Image (JPG)
32847_1020705388_0007-00054.jpg,https://s3.amazonaws.com/NARAprodstorage/lz/partnerships/32847/0001/DD01562/32847_1020705388_0007/32847_1020705388_0007-00054.jpg,3014826,119895191,Image provided by Ancestry.,Image (JPG)
32847_1020705388_0007-00055.jpg,https://s3.amazonaws.com/NARAprodstorage/lz/partnerships/32847/0001/DD01562/32847_1020705388_0007/32847_1020705388_0007-00055.jpg,2972082,119895192,Image provided by Ancestry.,Image (JPG)
32847_1020705388_0007-00056.jpg,https://s3.amazonaws.com/NARAprodstorage/lz/partnerships/32847/0001/DD01562/32847_1020705388_0007/32847_1020705388_0007-00056.jpg,1877862,119895193,"Ship Name: Virginia, 1826 Jun 6. Image provided by Ancestry.",Image (JPG)
32847_1020705388_0007-00057.jpg,https://s3.amazonaws.com/NARAprodstorage/lz/partnerships/32847/0001/DD01562/32847_1020705388_0007/32847_1020705388_0007-00057.jpg,2180940,119895194,Image provided by Ancestry.,Image (JPG)
32847_1020705388_0007-00058.jpg,https://s3.amazonaws.com/NARAprodstorage/lz/partnerships/32847/0001/DD01562/32847_1020705388_0007/32847_1020705388_0007-00058.jpg,2073658,119895195,"Ship Name: Orleans, 1827 Feb 9. Image provided by Ancestry.",Image (JPG)
32847_1020705388_0007-00059.jpg,https://s3.amazonaws.com/NARAprodstorage/lz/partnerships/32847/0001/DD01562/32847_1020705388_0007/32847_1020705388_0007-00059.jpg,1913109,119895196,"Ship Name: Creole, 1827 Feb 9. Image provided by Ancestry.",Image (JPG)
32847_1020705388_0007-00060.jpg,https://s3.amazonaws.com/NARAprodstorage/lz/partnerships/32847/0001/DD01562/32847_1020705388_0007/32847_1020705388_0007-00060.jpg,2034904,119895197,Image provided by Ancestry.,Image (JPG)
32847_1020705388_0007-00061.jpg,https://s3.amazonaws.com/NARAprodstorage/lz/partnerships/32847/0001/DD01562/32847_1020705388_0007/32847_1020705388_0007-00061.jpg,2404522,119895198,Image provided by Ancestry.,Image (JPG)
32847_1020705388_0007-00062.jpg,https://s3.amazonaws.com/NARAprodstorage/lz/partnerships/32847/0001/DD01562/32847_1020705388_0007/32847_1020705388_0007-00062.jpg,2108820,119895199,"Ship Name: Elizabeth, 1827 Feb 24. Image provided by Ancestry.",Image (JPG)
32847_1020705388_0007-00063.jpg,https://s3.amazonaws.com/NARAprodstorage/lz/partnerships/32847/0001/DD01562/32847_1020705388_0007/32847_1020705388_0007-00063.jpg,1228823,119895200,Image provided by Ancestry.,Image (JPG)
32847_1020705388_0007-00064.jpg,https://s3.amazonaws.com/NARAprodstorage/lz/partnerships/32847/0001/DD01562/32847_1020705388_0007/32847_1020705388_0007-00064.jpg,2055511,119895201,Image provided by Ancestry.,Image (JPG)
32847_1020705388_0007-00065.jpg,https://s3.amazonaws.com/NARAprodstorage/lz/partnerships/32847/0001/DD01562/32847_1020705388_0007/32847_1020705388_0007-00065.jpg,2324088,119895202,"Ship Name: Creole, 1827 Feb 24. Image provided by Ancestry.",Image (JPG)
32847_1020705388_0007-00066.jpg,https://s3.amazonaws.com/NARAprodstorage/lz/partnerships/32847/0001/DD01562/32847_1020705388_0007/32847_1020705388_0007-00066.jpg,2266320,119895203,Image provided by Ancestry.,Image (JPG)
32847_1020705388_0007-00067.jpg,https://s3.amazonaws.com/NARAprodstorage/lz/partnerships/32847/0001/DD01562/32847_1020705388_0007/32847_1020705388_0007-00067.jpg,2051401,119895204,"Ship Name: Columbia, 1827 May 9. Image provided by Ancestry.",Image (JPG)
32847_1020705388_0007-00068.jpg,https://s3.amazonaws.com/NARAprodstorage/lz/partnerships/32847/0001/DD01562/32847_1020705388_0007/32847_1020705388_0007-00068.jpg,2295372,119895205,Image provided by Ancestry.,Image (JPG)
32847_1020705388_0007-00069.jpg,https://s3.amazonaws.com/NARAprodstorage/lz/partnerships/32847/0001/DD01562/32847_1020705388_0007/32847_1020705388_0007-00069.jpg,2126325,119895206,"Ship Name: Columbia, 1827 May 9. Image provided by Ancestry.",Image (JPG)
32847_1020705388_0007-00070.jpg,https://s3.amazonaws.com/NARAprodstorage/lz/partnerships/32847/0001/DD01562/32847_1020705388_0007/32847_1020705388_0007-00070.jpg,2042865,119895207,Image provided by Ancestry.,Image (JPG)
32847_1020705388_0007-00071.jpg,https://s3.amazonaws.com/NARAprodstorage/lz/partnerships/32847/0001/DD01562/32847_1020705388_0007/32847_1020705388_0007-00071.jpg,1880046,119895208,"Ship Name: Columbia, 1827 May 19. Image provided by Ancestry.",Image (JPG)
32847_1020705388_0007-00072.jpg,https://s3.amazonaws.com/NARAprodstorage/lz/partnerships/32847/0001/DD01562/32847_1020705388_0007/32847_1020705388_0007-00072.jpg,2187059,119895209,Image provided by Ancestry.,Image (JPG)
32847_1020705388_0007-00073.jpg,https://s3.amazonaws.com/NARAprodstorage/lz/partnerships/32847/0001/DD01562/32847_1020705388_0007/32847_1020705388_0007-00073.jpg,1913290,119895210,"Ship Name: Columbia, 1827 May 19. Image provided by Ancestry.",Image (JPG)
32847_1020705388_0007-00074.jpg,https://s3.amazonaws.com/NARAprodstorage/lz/partnerships/32847/0001/DD01562/32847_1020705388_0007/32847_1020705388_0007-00074.jpg,2591858,119895211,Image provided by Ancestry.,Image (JPG)
32847_1020705388_0007-00075.jpg,https://s3.amazonaws.com/NARAprodstorage/lz/partnerships/32847/0001/DD01562/32847_1020705388_0007/32847_1020705388_0007-00075.jpg,2052723,119895212,"Ship Name: Virginia, 1827 May 24. Image provided by Ancestry.",Image (JPG)
32847_1020705388_0007-00076.jpg,https://s3.amazonaws.com/NARAprodstorage/lz/partnerships/32847/0001/DD01562/32847_1020705388_0007/32847_1020705388_0007-00076.jpg,2198902,119895213,Image provided by Ancestry.,Image (JPG)
32847_1020705388_0007-00077.jpg,https://s3.amazonaws.com/NARAprodstorage/lz/partnerships/32847/0001/DD01562/32847_1020705388_0007/32847_1020705388_0007-00077.jpg,2036438,119895214,"Ship Name: Columbia, 1827 Apr 18. Image provided by Ancestry.",Image (JPG)
32847_1020705388_0007-00078.jpg,https://s3.amazonaws.com/NARAprodstorage/lz/partnerships/32847/0001/DD01562/32847_1020705388_0007/32847_1020705388_0007-00078.jpg,2140960,119895215,Image provided by Ancestry.,Image (JPG)
32847_1020705388_0007-00079.jpg,https://s3.amazonaws.com/NARAprodstorage/lz/partnerships/32847/0001/DD01562/32847_1020705388_0007/32847_1020705388_0007-00079.jpg,2060879,119895216,"Ship Name: Orleans, 1827 Apr 19. Image provided by Ancestry.",Image (JPG)
32847_1020705388_0007-00080.jpg,https://s3.amazonaws.com/NARAprodstorage/lz/partnerships/32847/0001/DD01562/32847_1020705388_0007/32847_1020705388_0007-00080.jpg,2413840,119895217,Image provided by Ancestry.,Image (JPG)
32847_1020705388_0007-00081.jpg,https://s3.amazonaws.com/NARAprodstorage/lz/partnerships/32847/0001/DD01562/32847_1020705388_0007/32847_1020705388_0007-00081.jpg,2298213,119895218,"Ship Name: Columbia, 1827 Jun 6. Image provided by Ancestry.",Image (JPG)
32847_1020705388_0007-00082.jpg,https://s3.amazonaws.com/NARAprodstorage/lz/partnerships/32847/0001/DD01562/32847_1020705388_0007/32847_1020705388_0007-00082.jpg,2250485,119895219,Image provided by Ancestry.,Image (JPG)
32847_1020705388_0007-00083.jpg,https://s3.amazonaws.com/NARAprodstorage/lz/partnerships/32847/0001/DD01562/32847_1020705388_0007/32847_1020705388_0007-00083.jpg,2163206,119895220,"Ship Name: Columbia, 1827 Jun 6. Image provided by Ancestry.",Image (JPG)
32847_1020705388_0007-00084.jpg,https://s3.amazonaws.com/NARAprodstorage/lz/partnerships/32847/0001/DD01562/32847_1020705388_0007/32847_1020705388_0007-00084.jpg,1868105,119895221,Image provided by Ancestry.,Image (JPG)
32847_1020705388_0007-00085.jpg,https://s3.amazonaws.com/NARAprodstorage/lz/partnerships/32847/0001/DD01562/32847_1020705388_0007/32847_1020705388_0007-00085.jpg,1848571,119895222,"Ship Name: Virginia, 1827 Jun 27. Image provided by Ancestry.",Image (JPG)
32847_1020705388_0007-00086.jpg,https://s3.amazonaws.com/NARAprodstorage/lz/partnerships/32847/0001/DD01562/32847_1020705388_0007/32847_1020705388_0007-00086.jpg,1792165,119895223,Image provided by Ancestry.,Image (JPG)
32847_1020705388_0007-00087.jpg,https://s3.amazonaws.com/NARAprodstorage/lz/partnerships/32847/0001/DD01562/32847_1020705388_0007/32847_1020705388_0007-00087.jpg,1780591,119895224,"Ship Name: Columbia, 1827 Jun 13. Image provided by Ancestry.",Image (JPG)
32847_1020705388_0007-00088.jpg,https://s3.amazonaws.com/NARAprodstorage/lz/partnerships/32847/0001/DD01562/32847_1020705388_0007/32847_1020705388_0007-00088.jpg,2026615,119895225,Image provided by Ancestry.,Image (JPG)
32847_1020705388_0007-00089.jpg,https://s3.amazonaws.com/NARAprodstorage/lz/partnerships/32847/0001/DD01562/32847_1020705388_0007/32847_1020705388_0007-00089.jpg,2002208,119895226,"Ship Name: Columbia, 1827 Jul 4. Image provided by Ancestry.",Image (JPG)
32847_1020705388_0007-00090.jpg,https://s3.amazonaws.com/NARAprodstorage/lz/partnerships/32847/0001/DD01562/32847_1020705388_0007/32847_1020705388_0007-00090.jpg,2759871,119895227,Image provided by Ancestry.,Image (JPG)
32847_1020705388_0007-00091.jpg,https://s3.amazonaws.com/NARAprodstorage/lz/partnerships/32847/0001/DD01562/32847_1020705388_0007/32847_1020705388_0007-00091.jpg,1954012,119895228,"Ship Name: Columbia, 1827 Jul 4. Image provided by Ancestry.",Image (JPG)
32847_1020705388_0007-00092.jpg,https://s3.amazonaws.com/NARAprodstorage/lz/partnerships/32847/0001/DD01562/32847_1020705388_0007/32847_1020705388_0007-00092.jpg,2241671,119895229,Image provided by Ancestry.,Image (JPG)
32847_1020705388_0007-00093.jpg,https://s3.amazonaws.com/NARAprodstorage/lz/partnerships/32847/0001/DD01562/32847_1020705388_0007/32847_1020705388_0007-00093.jpg,1818865,119895230,"Ship Name: Columbia, 1827 Jul 7. Image provided by Ancestry.",Image (JPG)
32847_1020705388_0007-00094.jpg,https://s3.amazonaws.com/NARAprodstorage/lz/partnerships/32847/0001/DD01562/32847_1020705388_0007/32847_1020705388_0007-00094.jpg,1065443,119895231,Image provided by Ancestry.,Image (JPG)
32847_1020705388_0007-00095.jpg,https://s3.amazonaws.com/NARAprodstorage/lz/partnerships/32847/0001/DD01562/32847_1020705388_0007/32847_1020705388_0007-00095.jpg,2765683,119895232,Image provided by Ancestry.,Image (JPG)
32847_1020705388_0007-00096.jpg,https://s3.amazonaws.com/NARAprodstorage/lz/partnerships/32847/0001/DD01562/32847_1020705388_0007/32847_1020705388_0007-00096.jpg,2059400,119895233,"Ship Name: Fair Star, 1827 Jul 10. Image provided by Ancestry.",Image (JPG)
32847_1020705388_0007-00097.jpg,https://s3.amazonaws.com/NARAprodstorage/lz/partnerships/32847/0001/DD01562/32847_1020705388_0007/32847_1020705388_0007-00097.jpg,2216842,119895234,Image provided by Ancestry.,Image (JPG)
32847_1020705388_0007-00098.jpg,https://s3.amazonaws.com/NARAprodstorage/lz/partnerships/32847/0001/DD01562/32847_1020705388_0007/32847_1020705388_0007-00098.jpg,1782086,119895235,"Ship Name: Columbia, 1827 Jul 18. Image provided by Ancestry.",Image (JPG)
32847_1020705388_0007-00099.jpg,https://s3.amazonaws.com/NARAprodstorage/lz/partnerships/32847/0001/DD01562/32847_1020705388_0007/32847_1020705388_0007-00099.jpg,2336613,119895236,Image provided by Ancestry.,Image (JPG)
32847_1020705388_0007-00100.jpg,https://s3.amazonaws.com/NARAprodstorage/lz/partnerships/32847/0001/DD01562/32847_1020705388_0007/32847_1020705388_0007-00100.jpg,1876477,119895237,"Ship Name: Columbia, 1827 Jul 21. Image provided by Ancestry.",Image (JPG)
32847_1020705388_0007-00101.jpg,https://s3.amazonaws.com/NARAprodstorage/lz/partnerships/32847/0001/DD01562/32847_1020705388_0007/32847_1020705388_0007-00101.jpg,2403865,119895238,Image provided by Ancestry.,Image (JPG)
32847_1020705388_0007-00102.jpg,https://s3.amazonaws.com/NARAprodstorage/lz/partnerships/32847/0001/DD01562/32847_1020705388_0007/32847_1020705388_0007-00102.jpg,1987914,119895239,"Ship Name: Columbia, 1827 Aug 18. Image provided by Ancestry.",Image (JPG)
32847_1020705388_0007-00103.jpg,https://s3.amazonaws.com/NARAprodstorage/lz/partnerships/32847/0001/DD01562/32847_1020705388_0007/32847_1020705388_0007-00103.jpg,2543189,119895240,Image provided by Ancestry.,Image (JPG)
32847_1020705388_0007-00104.jpg,https://s3.amazonaws.com/NARAprodstorage/lz/partnerships/32847/0001/DD01562/32847_1020705388_0007/32847_1020705388_0007-00104.jpg,1636300,119895241,"Ship Name: Coaster, 1827 Aug 13. Image provided by Ancestry.",Image (JPG)
32847_1020705388_0007-00105.jpg,https://s3.amazonaws.com/NARAprodstorage/lz/partnerships/32847/0001/DD01562/32847_1020705388_0007/32847_1020705388_0007-00105.jpg,2408167,119895242,Image provided by Ancestry.,Image (JPG)
32847_1020705388_0007-00106.jpg,https://s3.amazonaws.com/NARAprodstorage/lz/partnerships/32847/0001/DD01562/32847_1020705388_0007/32847_1020705388_0007-00106.jpg,1907992,119895243,"Ship Name: Columbia, 1827 Aug 22. Image provided by Ancestry.",Image (JPG)
32847_1020705388_0007-00107.jpg,https://s3.amazonaws.com/NARAprodstorage/lz/partnerships/32847/0001/DD01562/32847_1020705388_0007/32847_1020705388_0007-00107.jpg,2732140,119895244,Image provided by Ancestry.,Image (JPG)
32847_1020705388_0007-00108.jpg,https://s3.amazonaws.com/NARAprodstorage/lz/partnerships/32847/0001/DD01562/32847_1020705388_0007/32847_1020705388_0007-00108.jpg,2250335,119895245,"Ship Name: Fair Star, 1827 Nov 13. Image provided by Ancestry.",Image (JPG)
32847_1020705388_0007-00109.jpg,https://s3.amazonaws.com/NARAprodstorage/lz/partnerships/32847/0001/DD01562/32847_1020705388_0007/32847_1020705388_0007-00109.jpg,3294550,119895246,Image provided by Ancestry.,Image (JPG)
32847_1020705388_0007-00110.jpg,https://s3.amazonaws.com/NARAprodstorage/lz/partnerships/32847/0001/DD01562/32847_1020705388_0007/32847_1020705388_0007-00110.jpg,3091063,119895247,"Ship Name: Columbia, 1827 Nov 25. Image provided by Ancestry.",Image (JPG)
32847_1020705388_0007-00111.jpg,https://s3.amazonaws.com/NARAprodstorage/lz/partnerships/32847/0001/DD01562/32847_1020705388_0007/32847_1020705388_0007-00111.jpg,2149683,119895248,Image provided by Ancestry.,Image (JPG)
32847_1020705388_0007-00112.jpg,https://s3.amazonaws.com/NARAprodstorage/lz/partnerships/32847/0001/DD01562/32847_1020705388_0007/32847_1020705388_0007-00112.jpg,1782200,119895249,"Ship Name: Columbia, 1827 Dec 25. Image provided by Ancestry.",Image (JPG)
32847_1020705388_0007-00113.jpg,https://s3.amazonaws.com/NARAprodstorage/lz/partnerships/32847/0001/DD01562/32847_1020705388_0007/32847_1020705388_0007-00113.jpg,2501636,119895250,Image provided by Ancestry.,Image (JPG)
32847_1020705388_0007-00114.jpg,https://s3.amazonaws.com/NARAprodstorage/lz/partnerships/32847/0001/DD01562/32847_1020705388_0007/32847_1020705388_0007-00114.jpg,2007709,119895251,"Ship Name: Elizabeth, 1827 Dec 25. Image provided by Ancestry.",Image (JPG)
32847_1020705388_0007-00115.jpg,https://s3.amazonaws.com/NARAprodstorage/lz/partnerships/32847/0001/DD01562/32847_1020705388_0007/32847_1020705388_0007-00115.jpg,1176124,119895252,Image provided by Ancestry.,Image (JPG)
32847_1020705388_0007-00116.jpg,https://s3.amazonaws.com/NARAprodstorage/lz/partnerships/32847/0001/DD01562/32847_1020705388_0007/32847_1020705388_0007-00116.jpg,2384123,119895253,Image provided by Ancestry.,Image (JPG)
32847_1020705388_0007-00117.jpg,https://s3.amazonaws.com/NARAprodstorage/lz/partnerships/32847/0001/DD01562/32847_1020705388_0007/32847_1020705388_0007-00117.jpg,1991813,119895254,"Ship Name: Virginia, 1828 Jan 1. Image provided by Ancestry.",Image (JPG)
32847_1020705388_0007-00118.jpg,https://s3.amazonaws.com/NARAprodstorage/lz/partnerships/32847/0001/DD01562/32847_1020705388_0007/32847_1020705388_0007-00118.jpg,2497685,119895255,Image provided by Ancestry.,Image (JPG)
32847_1020705388_0007-00119.jpg,https://s3.amazonaws.com/NARAprodstorage/lz/partnerships/32847/0001/DD01562/32847_1020705388_0007/32847_1020705388_0007-00119.jpg,2357317,119895256,"Ship Name: Emblem, 1828 Jan 5. Image provided by Ancestry.",Image (JPG)
32847_1020705388_0007-00120.jpg,https://s3.amazonaws.com/NARAprodstorage/lz/partnerships/32847/0001/DD01562/32847_1020705388_0007/32847_1020705388_0007-00120.jpg,2323245,119895257,Image provided by Ancestry.,Image (JPG)
32847_1020705388_0007-00121.jpg,https://s3.amazonaws.com/NARAprodstorage/lz/partnerships/32847/0001/DD01562/32847_1020705388_0007/32847_1020705388_0007-00121.jpg,2023766,119895258,"Ship Name: Grecian, 1828 Jan 7. Image provided by Ancestry.",Image (JPG)
32847_1020705388_0007-00122.jpg,https://s3.amazonaws.com/NARAprodstorage/lz/partnerships/32847/0001/DD01562/32847_1020705388_0007/32847_1020705388_0007-00122.jpg,2468036,119895259,Image provided by Ancestry.,Image (JPG)
32847_1020705388_0007-00123.jpg,https://s3.amazonaws.com/NARAprodstorage/lz/partnerships/32847/0001/DD01562/32847_1020705388_0007/32847_1020705388_0007-00123.jpg,2563486,119895260,"Ship Name: Orleans, 1828 Jan 7. Image provided by Ancestry.",Image (JPG)
32847_1020705388_0007-00124.jpg,https://s3.amazonaws.com/NARAprodstorage/lz/partnerships/32847/0001/DD01562/32847_1020705388_0007/32847_1020705388_0007-00124.jpg,2296460,119895261,Image provided by Ancestry.,Image (JPG)
32847_1020705388_0007-00125.jpg,https://s3.amazonaws.com/NARAprodstorage/lz/partnerships/32847/0001/DD01562/32847_1020705388_0007/32847_1020705388_0007-00125.jpg,1836807,119895262,"Ship Name: Orleans, 1828 Jan 18. Image provided by Ancestry.",Image (JPG)
32847_1020705388_0007-00126.jpg,https://s3.amazonaws.com/NARAprodstorage/lz/partnerships/32847/0001/DD01562/32847_1020705388_0007/32847_1020705388_0007-00126.jpg,2586565,119895263,Image provided by Ancestry.,Image (JPG)
32847_1020705388_0007-00127.jpg,https://s3.amazonaws.com/NARAprodstorage/lz/partnerships/32847/0001/DD01562/32847_1020705388_0007/32847_1020705388_0007-00127.jpg,2150555,119895264,"Ship Name: Emblem, 1828 Jan 18. Image provided by Ancestry.",Image (JPG)
32847_1020705388_0007-00128.jpg,https://s3.amazonaws.com/NARAprodstorage/lz/partnerships/32847/0001/DD01562/32847_1020705388_0007/32847_1020705388_0007-00128.jpg,2249295,119895265,Image provided by Ancestry.,Image (JPG)
32847_1020705388_0007-00129.jpg,https://s3.amazonaws.com/NARAprodstorage/lz/partnerships/32847/0001/DD01562/32847_1020705388_0007/32847_1020705388_0007-00129.jpg,2114847,119895266,"Ship Name: St John, 1828 Jan 26. Image provided by Ancestry.",Image (JPG)
32847_1020705388_0007-00130.jpg,https://s3.amazonaws.com/NARAprodstorage/lz/partnerships/32847/0001/DD01562/32847_1020705388_0007/32847_1020705388_0007-00130.jpg,2630628,119895267,Image provided by Ancestry.,Image (JPG)
32847_1020705388_0007-00131.jpg,https://s3.amazonaws.com/NARAprodstorage/lz/partnerships/32847/0001/DD01562/32847_1020705388_0007/32847_1020705388_0007-00131.jpg,2421278,119895268,"Ship Name: Elizabeth, 1828 Jan 30. Image provided by Ancestry.",Image (JPG)
32847_1020705388_0007-00132.jpg,https://s3.amazonaws.com/NARAprodstorage/lz/partnerships/32847/0001/DD01562/32847_1020705388_0007/32847_1020705388_0007-00132.jpg,1178555,119895269,Image provided by Ancestry.,Image (JPG)
32847_1020705388_0007-00133.jpg,https://s3.amazonaws.com/NARAprodstorage/lz/partnerships/32847/0001/DD01562/32847_1020705388_0007/32847_1020705388_0007-00133.jpg,2539255,119895270,"Ship Name: Emblem, 1828 Jan 30. Image provided by Ancestry.",Image (JPG)
32847_1020705388_0007-00134.jpg,https://s3.amazonaws.com/NARAprodstorage/lz/partnerships/32847/0001/DD01562/32847_1020705388_0007/32847_1020705388_0007-00134.jpg,2467764,119895271,Image provided by Ancestry.,Image (JPG)
32847_1020705388_0007-00135.jpg,https://s3.amazonaws.com/NARAprodstorage/lz/partnerships/32847/0001/DD01562/32847_1020705388_0007/32847_1020705388_0007-00135.jpg,1955203,119895272,"Ship Name: American, 1828 Feb 27. Image provided by Ancestry.",Image (JPG)
32847_1020705388_0007-00136.jpg,https://s3.amazonaws.com/NARAprodstorage/lz/partnerships/32847/0001/DD01562/32847_1020705388_0007/32847_1020705388_0007-00136.jpg,2193308,119895273,Image provided by Ancestry.,Image (JPG)
32847_1020705388_0007-00137.jpg,https://s3.amazonaws.com/NARAprodstorage/lz/partnerships/32847/0001/DD01562/32847_1020705388_0007/32847_1020705388_0007-00137.jpg,2763879,119895274,"Ship Name: Orleans, 1828 Feb 25. Image provided by Ancestry.",Image (JPG)
32847_1020705388_0007-00138.jpg,https://s3.amazonaws.com/NARAprodstorage/lz/partnerships/32847/0001/DD01562/32847_1020705388_0007/32847_1020705388_0007-00138.jpg,2712795,119895275,Image provided by Ancestry.,Image (JPG)
32847_1020705388_0007-00139.jpg,https://s3.amazonaws.com/NARAprodstorage/lz/partnerships/32847/0001/DD01562/32847_1020705388_0007/32847_1020705388_0007-00139.jpg,2434921,119895276,"Ship Name: Orleans, 1828 Feb 18. Image provided by Ancestry.",Image (JPG)
32847_1020705388_0007-00140.jpg,https://s3.amazonaws.com/NARAprodstorage/lz/partnerships/32847/0001/DD01562/32847_1020705388_0007/32847_1020705388_0007-00140.jpg,2579601,119895277,Image provided by Ancestry.,Image (JPG)
32847_1020705388_0007-00141.jpg,https://s3.amazonaws.com/NARAprodstorage/lz/partnerships/32847/0001/DD01562/32847_1020705388_0007/32847_1020705388_0007-00141.jpg,2495199,119895278,"Ship Name: Orleans, 1828 Feb 18. Image provided by Ancestry.",Image (JPG)
32847_1020705388_0007-00142.jpg,https://s3.amazonaws.com/NARAprodstorage/lz/partnerships/32847/0001/DD01562/32847_1020705388_0007/32847_1020705388_0007-00142.jpg,2659732,119895279,Image provided by Ancestry.,Image (JPG)
32847_1020705388_0007-00143.jpg,https://s3.amazonaws.com/NARAprodstorage/lz/partnerships/32847/0001/DD01562/32847_1020705388_0007/32847_1020705388_0007-00143.jpg,2961960,119895280,"Ship Name: Orleans, 1828 Feb 18. Image provided by Ancestry.",Image (JPG)
32847_1020705388_0007-00144.jpg,https://s3.amazonaws.com/NARAprodstorage/lz/partnerships/32847/0001/DD01562/32847_1020705388_0007/32847_1020705388_0007-00144.jpg,2637691,119895281,Image provided by Ancestry.,Image (JPG)
32847_1020705388_0007-00145.jpg,https://s3.amazonaws.com/NARAprodstorage/lz/partnerships/32847/0001/DD01562/32847_1020705388_0007/32847_1020705388_0007-00145.jpg,1900098,119895282,"Ship Name: Orleans, 1828 Feb 18. Image provided by Ancestry.",Image (JPG)
32847_1020705388_0007-00146.jpg,https://s3.amazonaws.com/NARAprodstorage/lz/partnerships/32847/0001/DD01562/32847_1020705388_0007/32847_1020705388_0007-00146.jpg,2020776,119895283,Image provided by Ancestry.,Image (JPG)
32847_1020705388_0007-00147.jpg,https://s3.amazonaws.com/NARAprodstorage/lz/partnerships/32847/0001/DD01562/32847_1020705388_0007/32847_1020705388_0007-00147.jpg,1809663,119895284,"Ship Name: American, 1828 Feb 18. Image provided by Ancestry.",Image (JPG)
32847_1020705388_0007-00148.jpg,https://s3.amazonaws.com/NARAprodstorage/lz/partnerships/32847/0001/DD01562/32847_1020705388_0007/32847_1020705388_0007-00148.jpg,1967897,119895285,Image provided by Ancestry.,Image (JPG)
32847_1020705388_0007-00149.jpg,https://s3.amazonaws.com/NARAprodstorage/lz/partnerships/32847/0001/DD01562/32847_1020705388_0007/32847_1020705388_0007-00149.jpg,2541119,119895286,1828 Feb 16. Image provided by Ancestry.,Image (JPG)
32847_1020705388_0007-00150.jpg,https://s3.amazonaws.com/NARAprodstorage/lz/partnerships/32847/0001/DD01562/32847_1020705388_0007/32847_1020705388_0007-00150.jpg,2195631,119895287,Image provided by Ancestry.,Image (JPG)
32847_1020705388_0007-00151.jpg,https://s3.amazonaws.com/NARAprodstorage/lz/partnerships/32847/0001/DD01562/32847_1020705388_0007/32847_1020705388_0007-00151.jpg,1862739,119895288,"Ship Name: American, 1828 Jul 16. Image provided by Ancestry.",Image (JPG)
32847_1020705388_0007-00152.jpg,https://s3.amazonaws.com/NARAprodstorage/lz/partnerships/32847/0001/DD01562/32847_1020705388_0007/32847_1020705388_0007-00152.jpg,2019833,119895289,Image provided by Ancestry.,Image (JPG)
32847_1020705388_0007-00153.jpg,https://s3.amazonaws.com/NARAprodstorage/lz/partnerships/32847/0001/DD01562/32847_1020705388_0007/32847_1020705388_0007-00153.jpg,1812378,119895290,"Ship Name: American, 1828 Feb 16. Image provided by Ancestry.",Image (JPG)
32847_1020705388_0007-00154.jpg,https://s3.amazonaws.com/NARAprodstorage/lz/partnerships/32847/0001/DD01562/32847_1020705388_0007/32847_1020705388_0007-00154.jpg,2074736,119895291,Image provided by Ancestry.,Image (JPG)
32847_1020705388_0007-00155.jpg,https://s3.amazonaws.com/NARAprodstorage/lz/partnerships/32847/0001/DD01562/32847_1020705388_0007/32847_1020705388_0007-00155.jpg,1966916,119895292,"Ship Name: Pocahontas, 1828 Feb 16. Image provided by Ancestry.",Image (JPG)
32847_1020705388_0007-00156.jpg,https://s3.amazonaws.com/NARAprodstorage/lz/partnerships/32847/0001/DD01562/32847_1020705388_0007/32847_1020705388_0007-00156.jpg,2103714,119895293,Image provided by Ancestry.,Image (JPG)
32847_1020705388_0007-00157.jpg,https://s3.amazonaws.com/NARAprodstorage/lz/partnerships/32847/0001/DD01562/32847_1020705388_0007/32847_1020705388_0007-00157.jpg,1789029,119895294,"Ship Name: St John, 1828 Feb 7. Image provided by Ancestry.",Image (JPG)
32847_1020705388_0007-00158.jpg,https://s3.amazonaws.com/NARAprodstorage/lz/partnerships/32847/0001/DD01562/32847_1020705388_0007/32847_1020705388_0007-00158.jpg,1931930,119895295,Image provided by Ancestry.,Image (JPG)
32847_1020705388_0007-00159.jpg,https://s3.amazonaws.com/NARAprodstorage/lz/partnerships/32847/0001/DD01562/32847_1020705388_0007/32847_1020705388_0007-00159.jpg,1793102,119895296,"Ship Name: St John, 1828 Feb 5. Image provided by Ancestry.",Image (JPG)
32847_1020705388_0007-00160.jpg,https://s3.amazonaws.com/NARAprodstorage/lz/partnerships/32847/0001/DD01562/32847_1020705388_0007/32847_1020705388_0007-00160.jpg,2070090,119895297,Image provided by Ancestry.,Image (JPG)
32847_1020705388_0007-00161.jpg,https://s3.amazonaws.com/NARAprodstorage/lz/partnerships/32847/0001/DD01562/32847_1020705388_0007/32847_1020705388_0007-00161.jpg,2025777,119895298,"Ship Name: St John, 1828 Feb 5. Image provided by Ancestry.",Image (JPG)
32847_1020705388_0007-00162.jpg,https://s3.amazonaws.com/NARAprodstorage/lz/partnerships/32847/0001/DD01562/32847_1020705388_0007/32847_1020705388_0007-00162.jpg,2079898,119895299,Image provided by Ancestry.,Image (JPG)
32847_1020705388_0007-00163.jpg,https://s3.amazonaws.com/NARAprodstorage/lz/partnerships/32847/0001/DD01562/32847_1020705388_0007/32847_1020705388_0007-00163.jpg,2394409,119895300,"Ship Name: Schonere Belle Creole, 1828 Feb 5. Image provided by Ancestry.",Image (JPG)
32847_1020705388_0007-00164.jpg,https://s3.amazonaws.com/NARAprodstorage/lz/partnerships/32847/0001/DD01562/32847_1020705388_0007/32847_1020705388_0007-00164.jpg,2151357,119895301,Image provided by Ancestry.,Image (JPG)
32847_1020705388_0007-00165.jpg,https://s3.amazonaws.com/NARAprodstorage/lz/partnerships/32847/0001/DD01562/32847_1020705388_0007/32847_1020705388_0007-00165.jpg,1250910,119895302,Image provided by Ancestry.,Image (JPG)
32847_1020705388_0007-00166.jpg,https://s3.amazonaws.com/NARAprodstorage/lz/partnerships/32847/0001/DD01562/32847_1020705388_0007/32847_1020705388_0007-00166.jpg,1914914,119895303,"Ship Name: Sun, 1828 Feb 5. Image provided by Ancestry.",Image (JPG)
32847_1020705388_0007-00167.jpg,https://s3.amazonaws.com/NARAprodstorage/lz/partnerships/32847/0001/DD01562/32847_1020705388_0007/32847_1020705388_0007-00167.jpg,2348782,119895304,Image provided by Ancestry.,Image (JPG)
32847_1020705388_0007-00168.jpg,https://s3.amazonaws.com/NARAprodstorage/lz/partnerships/32847/0001/DD01562/32847_1020705388_0007/32847_1020705388_0007-00168.jpg,2342395,119895305,"Ship Name: Sun, 1828 Mar 22. Image provided by Ancestry.",Image (JPG)
32847_1020705388_0007-00169.jpg,https://s3.amazonaws.com/NARAprodstorage/lz/partnerships/32847/0001/DD01562/32847_1020705388_0007/32847_1020705388_0007-00169.jpg,2211264,119895306,Image provided by Ancestry.,Image (JPG)
32847_1020705388_0007-00170.jpg,https://s3.amazonaws.com/NARAprodstorage/lz/partnerships/32847/0001/DD01562/32847_1020705388_0007/32847_1020705388_0007-00170.jpg,2072028,119895307,"Ship Name: St John, 1828 Mar 22. Image provided by Ancestry.",Image (JPG)
32847_1020705388_0007-00171.jpg,https://s3.amazonaws.com/NARAprodstorage/lz/partnerships/32847/0001/DD01562/32847_1020705388_0007/32847_1020705388_0007-00171.jpg,2279550,119895308,Image provided by Ancestry.,Image (JPG)
32847_1020705388_0007-00172.jpg,https://s3.amazonaws.com/NARAprodstorage/lz/partnerships/32847/0001/DD01562/32847_1020705388_0007/32847_1020705388_0007-00172.jpg,1934324,119895309,"Ship Name: St John, 1828 Mar 21. Image provided by Ancestry.",Image (JPG)
32847_1020705388_0007-00173.jpg,https://s3.amazonaws.com/NARAprodstorage/lz/partnerships/32847/0001/DD01562/32847_1020705388_0007/32847_1020705388_0007-00173.jpg,2151927,119895310,Image provided by Ancestry.,Image (JPG)
32847_1020705388_0007-00174.jpg,https://s3.amazonaws.com/NARAprodstorage/lz/partnerships/32847/0001/DD01562/32847_1020705388_0007/32847_1020705388_0007-00174.jpg,2284894,119895311,"Ship Name: St John, 1828 Mar 21. Image provided by Ancestry.",Image (JPG)
32847_1020705388_0007-00175.jpg,https://s3.amazonaws.com/NARAprodstorage/lz/partnerships/32847/0001/DD01562/32847_1020705388_0007/32847_1020705388_0007-00175.jpg,2470740,119895312,Image provided by Ancestry.,Image (JPG)
32847_1020705388_0007-00176.jpg,https://s3.amazonaws.com/NARAprodstorage/lz/partnerships/32847/0001/DD01562/32847_1020705388_0007/32847_1020705388_0007-00176.jpg,1899346,119895313,"Ship Name: St John, 1828 Mar 21. Image provided by Ancestry.",Image (JPG)
32847_1020705388_0007-00177.jpg,https://s3.amazonaws.com/NARAprodstorage/lz/partnerships/32847/0001/DD01562/32847_1020705388_0007/32847_1020705388_0007-00177.jpg,2118410,119895314,Image provided by Ancestry.,Image (JPG)
32847_1020705388_0007-00178.jpg,https://s3.amazonaws.com/NARAprodstorage/lz/partnerships/32847/0001/DD01562/32847_1020705388_0007/32847_1020705388_0007-00178.jpg,1974632,119895315,"Ship Name: Harriet American, 1828 Mar 21. Image provided by Ancestry.",Image (JPG)
32847_1020705388_0007-00179.jpg,https://s3.amazonaws.com/NARAprodstorage/lz/partnerships/32847/0001/DD01562/32847_1020705388_0007/32847_1020705388_0007-00179.jpg,2181039,119895316,Image provided by Ancestry.,Image (JPG)
32847_1020705388_0007-00180.jpg,https://s3.amazonaws.com/NARAprodstorage/lz/partnerships/32847/0001/DD01562/32847_1020705388_0007/32847_1020705388_0007-00180.jpg,2004873,119895317,"Ship Name: Harriet Anderson, 1828 Mar 20. Image provided by Ancestry.",Image (JPG)
32847_1020705388_0007-00181.jpg,https://s3.amazonaws.com/NARAprodstorage/lz/partnerships/32847/0001/DD01562/32847_1020705388_0007/32847_1020705388_0007-00181.jpg,2403433,119895318,Image provided by Ancestry.,Image (JPG)
32847_1020705388_0007-00182.jpg,https://s3.amazonaws.com/NARAprodstorage/lz/partnerships/32847/0001/DD01562/32847_1020705388_0007/32847_1020705388_0007-00182.jpg,1915754,119895319,"Ship Name: Splendis, 1828 Mar 20. Image provided by Ancestry.",Image (JPG)
32847_1020705388_0007-00183.jpg,https://s3.amazonaws.com/NARAprodstorage/lz/partnerships/32847/0001/DD01562/32847_1020705388_0007/32847_1020705388_0007-00183.jpg,2578960,119895320,Image provided by Ancestry.,Image (JPG)
32847_1020705388_0007-00184.jpg,https://s3.amazonaws.com/NARAprodstorage/lz/partnerships/32847/0001/DD01562/32847_1020705388_0007/32847_1020705388_0007-00184.jpg,2006079,119895321,"Ship Name: Orleans, 1828 Mar 14. Image provided by Ancestry.",Image (JPG)
32847_1020705388_0007-00185.jpg,https://s3.amazonaws.com/NARAprodstorage/lz/partnerships/32847/0001/DD01562/32847_1020705388_0007/32847_1020705388_0007-00185.jpg,2419297,119895322,Image provided by Ancestry.,Image (JPG)
32847_1020705388_0007-00186.jpg,https://s3.amazonaws.com/NARAprodstorage/lz/partnerships/32847/0001/DD01562/32847_1020705388_0007/32847_1020705388_0007-00186.jpg,2109141,119895323,"Ship Name: Pocahontas, 1828 Mar 14. Image provided by Ancestry.",Image (JPG)
32847_1020705388_0007-00187.jpg,https://s3.amazonaws.com/NARAprodstorage/lz/partnerships/32847/0001/DD01562/32847_1020705388_0007/32847_1020705388_0007-00187.jpg,2361587,119895324,Image provided by Ancestry.,Image (JPG)
32847_1020705388_0007-00188.jpg,https://s3.amazonaws.com/NARAprodstorage/lz/partnerships/32847/0001/DD01562/32847_1020705388_0007/32847_1020705388_0007-00188.jpg,2435429,119895325,Image provided by Ancestry.,Image (JPG)
32847_1020705388_0007-00189.jpg,https://s3.amazonaws.com/NARAprodstorage/lz/partnerships/32847/0001/DD01562/32847_1020705388_0007/32847_1020705388_0007-00189.jpg,2303091,119895326,"Ship Name: Orleans, 1828 Mar 3. Image provided by Ancestry.",Image (JPG)
32847_1020705388_0007-00190.jpg,https://s3.amazonaws.com/NARAprodstorage/lz/partnerships/32847/0001/DD01562/32847_1020705388_0007/32847_1020705388_0007-00190.jpg,2048995,119895327,"Ship Name: Orleans, 1828 Mar 3. Image provided by Ancestry.",Image (JPG)
32847_1020705388_0007-00191.jpg,https://s3.amazonaws.com/NARAprodstorage/lz/partnerships/32847/0001/DD01562/32847_1020705388_0007/32847_1020705388_0007-00191.jpg,2490554,119895328,Image provided by Ancestry.,Image (JPG)
32847_1020705388_0007-00192.jpg,https://s3.amazonaws.com/NARAprodstorage/lz/partnerships/32847/0001/DD01562/32847_1020705388_0007/32847_1020705388_0007-00192.jpg,2605119,119895329,Image provided by Ancestry.,Image (JPG)
32847_1020705388_0007-00193.jpg,https://s3.amazonaws.com/NARAprodstorage/lz/partnerships/32847/0001/DD01562/32847_1020705388_0007/32847_1020705388_0007-00193.jpg,2709411,119895330,"Ship Name: Orleans, 1828 Mar 3. Image provided by Ancestry.",Image (JPG)
32847_1020705388_0007-00194.jpg,https://s3.amazonaws.com/NARAprodstorage/lz/partnerships/32847/0001/DD01562/32847_1020705388_0007/32847_1020705388_0007-00194.jpg,2371892,119895331,Image provided by Ancestry.,Image (JPG)
32847_1020705388_0007-00195.jpg,https://s3.amazonaws.com/NARAprodstorage/lz/partnerships/32847/0001/DD01562/32847_1020705388_0007/32847_1020705388_0007-00195.jpg,2178569,119895332,"Ship Name: Orleans, 1828 Mar 3. Image provided by Ancestry.",Image (JPG)
32847_1020705388_0007-00196.jpg,https://s3.amazonaws.com/NARAprodstorage/lz/partnerships/32847/0001/DD01562/32847_1020705388_0007/32847_1020705388_0007-00196.jpg,1914891,119895333,"Ship Name: Maria Ann, 1828 Mar 3. Image provided by Ancestry.",Image (JPG)
32847_1020705388_0007-00197.jpg,https://s3.amazonaws.com/NARAprodstorage/lz/partnerships/32847/0001/DD01562/32847_1020705388_0007/32847_1020705388_0007-00197.jpg,2283753,119895334,Image provided by Ancestry.,Image (JPG)
32847_1020705388_0007-00198.jpg,https://s3.amazonaws.com/NARAprodstorage/lz/partnerships/32847/0001/DD01562/32847_1020705388_0007/32847_1020705388_0007-00198.jpg,2173718,119895335,"Ship Name: Maria Ann, 1828 Mar 1. Image provided by Ancestry.",Image (JPG)
32847_1020705388_0007-00199.jpg,https://s3.amazonaws.com/NARAprodstorage/lz/partnerships/32847/0001/DD01562/32847_1020705388_0007/32847_1020705388_0007-00199.jpg,2368075,119895336,Image provided by Ancestry.,Image (JPG)
32847_1020705388_0007-00200.jpg,https://s3.amazonaws.com/NARAprodstorage/lz/partnerships/32847/0001/DD01562/32847_1020705388_0007/32847_1020705388_0007-00200.jpg,1069120,119895337,Image provided by Ancestry.,Image (JPG)
32847_1020705388_0007-00201.jpg,https://s3.amazonaws.com/NARAprodstorage/lz/partnerships/32847/0001/DD01562/32847_1020705388_0007/32847_1020705388_0007-00201.jpg,3726641,119895338,Image provided by Ancestry.,Image (JPG)
32847_1020705388_0007-00202.jpg,https://s3.amazonaws.com/NARAprodstorage/lz/partnerships/32847/0001/DD01562/32847_1020705388_0007/32847_1020705388_0007-00202.jpg,3587736,119895339,"Ship Name: Mobile, 1828 Apr 28. Image provided by Ancestry.",Image (JPG)
32847_1020705388_0007-00203.jpg,https://s3.amazonaws.com/NARAprodstorage/lz/partnerships/32847/0001/DD01562/32847_1020705388_0007/32847_1020705388_0007-00203.jpg,2040518,119895340,"Ship Name: Mobile, 1828 Apr 28. Image provided by Ancestry.",Image (JPG)
32847_1020705388_0007-00204.jpg,https://s3.amazonaws.com/NARAprodstorage/lz/partnerships/32847/0001/DD01562/32847_1020705388_0007/32847_1020705388_0007-00204.jpg,1577449,119895341,1828 Apr 28. Image provided by Ancestry.,Image (JPG)
32847_1020705388_0007-00205.jpg,https://s3.amazonaws.com/NARAprodstorage/lz/partnerships/32847/0001/DD01562/32847_1020705388_0007/32847_1020705388_0007-00205.jpg,2153549,119895342,Image provided by Ancestry.,Image (JPG)
32847_1020705388_0007-00206.jpg,https://s3.amazonaws.com/NARAprodstorage/lz/partnerships/32847/0001/DD01562/32847_1020705388_0007/32847_1020705388_0007-00206.jpg,1553581,119895343,Image provided by Ancestry.,Image (JPG)
32847_1020705388_0007-00207.jpg,https://s3.amazonaws.com/NARAprodstorage/lz/partnerships/32847/0001/DD01562/32847_1020705388_0007/32847_1020705388_0007-00207.jpg,1739622,119895344,"Ship Name: Fair Star, 1828 Apr 28. Image provided by Ancestry.",Image (JPG)
32847_1020705388_0007-00208.jpg,https://s3.amazonaws.com/NARAprodstorage/lz/partnerships/32847/0001/DD01562/32847_1020705388_0007/32847_1020705388_0007-00208.jpg,1975299,119895345,Image provided by Ancestry.,Image (JPG)
32847_1020705388_0007-00209.jpg,https://s3.amazonaws.com/NARAprodstorage/lz/partnerships/32847/0001/DD01562/32847_1020705388_0007/32847_1020705388_0007-00209.jpg,1846591,119895346,"Ship Name: S W Elizabeth, 1828 Jul 26. Image provided by Ancestry.",Image (JPG)
32847_1020705388_0007-00210.jpg,https://s3.amazonaws.com/NARAprodstorage/lz/partnerships/32847/0001/DD01562/32847_1020705388_0007/32847_1020705388_0007-00210.jpg,2290214,119895347,Image provided by Ancestry.,Image (JPG)
32847_1020705388_0007-00211.jpg,https://s3.amazonaws.com/NARAprodstorage/lz/partnerships/32847/0001/DD01562/32847_1020705388_0007/32847_1020705388_0007-00211.jpg,2040333,119895348,Image provided by Ancestry.,Image (JPG)
32847_1020705388_0007-00212.jpg,https://s3.amazonaws.com/NARAprodstorage/lz/partnerships/32847/0001/DD01562/32847_1020705388_0007/32847_1020705388_0007-00212.jpg,1769715,119895349,"Ship Name: S B Pair Nar, 1828 Aug 1. Image provided by Ancestry.",Image (JPG)
32847_1020705388_0007-00213.jpg,https://s3.amazonaws.com/NARAprodstorage/lz/partnerships/32847/0001/DD01562/32847_1020705388_0007/32847_1020705388_0007-00213.jpg,1799313,119895350,"Ship Name: Sun, 1828 Aug 1. Image provided by Ancestry.",Image (JPG)
32847_1020705388_0007-00214.jpg,https://s3.amazonaws.com/NARAprodstorage/lz/partnerships/32847/0001/DD01562/32847_1020705388_0007/32847_1020705388_0007-00214.jpg,2118257,119895351,Image provided by Ancestry.,Image (JPG)
32847_1020705388_0007-00215.jpg,https://s3.amazonaws.com/NARAprodstorage/lz/partnerships/32847/0001/DD01562/32847_1020705388_0007/32847_1020705388_0007-00215.jpg,1717020,119895352,"Ship Name: Emblem, 1828 Sep 10. Image provided by Ancestry.",Image (JPG)
32847_1020705388_0007-00216.jpg,https://s3.amazonaws.com/NARAprodstorage/lz/partnerships/32847/0001/DD01562/32847_1020705388_0007/32847_1020705388_0007-00216.jpg,1949059,119895353,Image provided by Ancestry.,Image (JPG)
32847_1020705388_0007-00217.jpg,https://s3.amazonaws.com/NARAprodstorage/lz/partnerships/32847/0001/DD01562/32847_1020705388_0007/32847_1020705388_0007-00217.jpg,2133244,119895354,Image provided by Ancestry.,Image (JPG)
32847_1020705388_0007-00218.jpg,https://s3.amazonaws.com/NARAprodstorage/lz/partnerships/32847/0001/DD01562/32847_1020705388_0007/32847_1020705388_0007-00218.jpg,1831732,119895355,"Ship Name: Mobile, 1828 Nov 18. Image provided by Ancestry.",Image (JPG)
32847_1020705388_0007-00219.jpg,https://s3.amazonaws.com/NARAprodstorage/lz/partnerships/32847/0001/DD01562/32847_1020705388_0007/32847_1020705388_0007-00219.jpg,1799719,119895356,"Ship Name: Cannon, 1828 Nov 18. Image provided by Ancestry.",Image (JPG)
32847_1020705388_0007-00220.jpg,https://s3.amazonaws.com/NARAprodstorage/lz/partnerships/32847/0001/DD01562/32847_1020705388_0007/32847_1020705388_0007-00220.jpg,2008473,119895357,Image provided by Ancestry.,Image (JPG)
32847_1020705388_0007-00221.jpg,https://s3.amazonaws.com/NARAprodstorage/lz/partnerships/32847/0001/DD01562/32847_1020705388_0007/32847_1020705388_0007-00221.jpg,2015930,119895358,"Ship Name: Virginia Mobile, 1828 Nov 13. Image provided by Ancestry.",Image (JPG)
32847_1020705388_0007-00222.jpg,https://s3.amazonaws.com/NARAprodstorage/lz/partnerships/32847/0001/DD01562/32847_1020705388_0007/32847_1020705388_0007-00222.jpg,2252671,119895359,Image provided by Ancestry.,Image (JPG)
32847_1020705388_0007-00223.jpg,https://s3.amazonaws.com/NARAprodstorage/lz/partnerships/32847/0001/DD01562/32847_1020705388_0007/32847_1020705388_0007-00223.jpg,1866784,119895360,"Ship Name: Elizabeth, 1828 Nov 19. Image provided by Ancestry.",Image (JPG)
32847_1020705388_0007-00224.jpg,https://s3.amazonaws.com/NARAprodstorage/lz/partnerships/32847/0001/DD01562/32847_1020705388_0007/32847_1020705388_0007-00224.jpg,2123062,119895361,Image provided by Ancestry.,Image (JPG)
32847_1020705388_0007-00225.jpg,https://s3.amazonaws.com/NARAprodstorage/lz/partnerships/32847/0001/DD01562/32847_1020705388_0007/32847_1020705388_0007-00225.jpg,1929543,119895362,Image provided by Ancestry.,Image (JPG)
32847_1020705388_0007-00226.jpg,https://s3.amazonaws.com/NARAprodstorage/lz/partnerships/32847/0001/DD01562/32847_1020705388_0007/32847_1020705388_0007-00226.jpg,1306489,119895363,Image provided by Ancestry.,Image (JPG)
32847_1020705388_0007-00227.jpg,https://s3.amazonaws.com/NARAprodstorage/lz/partnerships/32847/0001/DD01562/32847_1020705388_0007/32847_1020705388_0007-00227.jpg,1313034,119895364,Image provided by Ancestry.,Image (JPG)
32847_1020705388_0007-00228.jpg,https://s3.amazonaws.com/NARAprodstorage/lz/partnerships/32847/0001/DD01562/32847_1020705388_0007/32847_1020705388_0007-00228.jpg,1906286,119895365,"Ship Name: Marrietta, 1828 Nov 26. Image provided by Ancestry.",Image (JPG)
32847_1020705388_0007-00229.jpg,https://s3.amazonaws.com/NARAprodstorage/lz/partnerships/32847/0001/DD01562/32847_1020705388_0007/32847_1020705388_0007-00229.jpg,1775134,119895366,"Ship Name: Marrietta, 1828 Nov 26. Image provided by Ancestry.",Image (JPG)
32847_1020705388_0007-00230.jpg,https://s3.amazonaws.com/NARAprodstorage/lz/partnerships/32847/0001/DD01562/32847_1020705388_0007/32847_1020705388_0007-00230.jpg,1882733,119895367,"Ship Name: Marrietta, 1828 Nov 26. Image provided by Ancestry.",Image (JPG)
32847_1020705388_0007-00231.jpg,https://s3.amazonaws.com/NARAprodstorage/lz/partnerships/32847/0001/DD01562/32847_1020705388_0007/32847_1020705388_0007-00231.jpg,4047991,119895368,"Ship Name: Marrietta, 1828 Nov 26. Image provided by Ancestry.",Image (JPG)
32847_1020705388_0007-00232.jpg,https://s3.amazonaws.com/NARAprodstorage/lz/partnerships/32847/0001/DD01562/32847_1020705388_0007/32847_1020705388_0007-00232.jpg,4236658,119895369,"Ship Name: Marrietta, 1828 Nov 26. Image provided by Ancestry.",Image (JPG)
32847_1020705388_0007-00233.jpg,https://s3.amazonaws.com/NARAprodstorage/lz/partnerships/32847/0001/DD01562/32847_1020705388_0007/32847_1020705388_0007-00233.jpg,3218464,119895370,Image provided by Ancestry.,Image (JPG)
32847_1020705388_0007-00234.jpg,https://s3.amazonaws.com/NARAprodstorage/lz/partnerships/32847/0001/DD01562/32847_1020705388_0007/32847_1020705388_0007-00234.jpg,2874165,119895371,Image provided by Ancestry.,Image (JPG)
32847_1020705388_0007-00235.jpg,https://s3.amazonaws.com/NARAprodstorage/lz/partnerships/32847/0001/DD01562/32847_1020705388_0007/32847_1020705388_0007-00235.jpg,3569703,119895372,"Ship Name: Marrietta, 1828 Nov 26. Image provided by Ancestry.",Image (JPG)
32847_1020705388_0007-00236.jpg,https://s3.amazonaws.com/NARAprodstorage/lz/partnerships/32847/0001/DD01562/32847_1020705388_0007/32847_1020705388_0007-00236.jpg,2813041,119895373,Image provided by Ancestry.,Image (JPG)
32847_1020705388_0007-00237.jpg,https://s3.amazonaws.com/NARAprodstorage/lz/partnerships/32847/0001/DD01562/32847_1020705388_0007/32847_1020705388_0007-00237.jpg,2949480,119895374,"Ship Name: Marietta, 1828 Nov 26. Image provided by Ancestry.",Image (JPG)
32847_1020705388_0007-00238.jpg,https://s3.amazonaws.com/NARAprodstorage/lz/partnerships/32847/0001/DD01562/32847_1020705388_0007/32847_1020705388_0007-00238.jpg,3857197,119895375,Image provided by Ancestry.,Image (JPG)
32847_1020705388_0007-00239.jpg,https://s3.amazonaws.com/NARAprodstorage/lz/partnerships/32847/0001/DD01562/32847_1020705388_0007/32847_1020705388_0007-00239.jpg,2275583,119895376,Image provided by Ancestry.,Image (JPG)
32847_1020705388_0007-00240.jpg,https://s3.amazonaws.com/NARAprodstorage/lz/partnerships/32847/0001/DD01562/32847_1020705388_0007/32847_1020705388_0007-00240.jpg,3493595,119895377,"Ship Name: Marietta, 1828 Nov 27. Image provided by Ancestry.",Image (JPG)
32847_1020705388_0007-00241.jpg,https://s3.amazonaws.com/NARAprodstorage/lz/partnerships/32847/0001/DD01562/32847_1020705388_0007/32847_1020705388_0007-00241.jpg,2409062,119895378,"Ship Name: Marietta, 1828 Nov 27. Image provided by Ancestry.",Image (JPG)
32847_1020705388_0007-00242.jpg,https://s3.amazonaws.com/NARAprodstorage/lz/partnerships/32847/0001/DD01562/32847_1020705388_0007/32847_1020705388_0007-00242.jpg,2459879,119895379,Image provided by Ancestry.,Image (JPG)
32847_1020705388_0007-00243.jpg,https://s3.amazonaws.com/NARAprodstorage/lz/partnerships/32847/0001/DD01562/32847_1020705388_0007/32847_1020705388_0007-00243.jpg,2335914,119895380,Image provided by Ancestry.,Image (JPG)
32847_1020705388_0007-00244.jpg,https://s3.amazonaws.com/NARAprodstorage/lz/partnerships/32847/0001/DD01562/32847_1020705388_0007/32847_1020705388_0007-00244.jpg,2079185,119895381,"Ship Name: Marietta, 1828 Nov 27. Image provided by Ancestry.",Image (JPG)
32847_1020705388_0007-00245.jpg,https://s3.amazonaws.com/NARAprodstorage/lz/partnerships/32847/0001/DD01562/32847_1020705388_0007/32847_1020705388_0007-00245.jpg,2379414,119895382,"Ship Name: Marietta, 1828 Nov 27. Image provided by Ancestry.",Image (JPG)
32847_1020705388_0007-00246.jpg,https://s3.amazonaws.com/NARAprodstorage/lz/partnerships/32847/0001/DD01562/32847_1020705388_0007/32847_1020705388_0007-00246.jpg,2733124,119895383,Image provided by Ancestry.,Image (JPG)
32847_1020705388_0007-00247.jpg,https://s3.amazonaws.com/NARAprodstorage/lz/partnerships/32847/0001/DD01562/32847_1020705388_0007/32847_1020705388_0007-00247.jpg,1185896,119895384,Image provided by Ancestry.,Image (JPG)
32847_1020705388_0007-00248.jpg,https://s3.amazonaws.com/NARAprodstorage/lz/partnerships/32847/0001/DD01562/32847_1020705388_0007/32847_1020705388_0007-00248.jpg,1881304,119895385,"Ship Name: Floride, 1828 Nov 27. Image provided by Ancestry.",Image (JPG)
32847_1020705388_0007-00249.jpg,https://s3.amazonaws.com/NARAprodstorage/lz/partnerships/32847/0001/DD01562/32847_1020705388_0007/32847_1020705388_0007-00249.jpg,2254180,119895386,Image provided by Ancestry.,Image (JPG)
32847_1020705388_0007-00250.jpg,https://s3.amazonaws.com/NARAprodstorage/lz/partnerships/32847/0001/DD01562/32847_1020705388_0007/32847_1020705388_0007-00250.jpg,4571147,119895387,"Ship Name: Splerdice, 1828 Dec 2. Image provided by Ancestry.",Image (JPG)
32847_1020705388_0007-00251.jpg,https://s3.amazonaws.com/NARAprodstorage/lz/partnerships/32847/0001/DD01562/32847_1020705388_0007/32847_1020705388_0007-00251.jpg,4857580,119895388,Image provided by Ancestry.,Image (JPG)
32847_1020705388_0007-00252.jpg,https://s3.amazonaws.com/NARAprodstorage/lz/partnerships/32847/0001/DD01562/32847_1020705388_0007/32847_1020705388_0007-00252.jpg,2506726,119895389,Image provided by Ancestry.,Image (JPG)
32847_1020705388_0007-00253.jpg,https://s3.amazonaws.com/NARAprodstorage/lz/partnerships/32847/0001/DD01562/32847_1020705388_0007/32847_1020705388_0007-00253.jpg,1837471,119895390,Image provided by Ancestry.,Image (JPG)
32847_1020705388_0007-00254.jpg,https://s3.amazonaws.com/NARAprodstorage/lz/partnerships/32847/0001/DD01562/32847_1020705388_0007/32847_1020705388_0007-00254.jpg,2433863,119895391,"Ship Name: Splendice, 1828 Dec 5. Image provided by Ancestry.",Image (JPG)
32847_1020705388_0007-00255.jpg,https://s3.amazonaws.com/NARAprodstorage/lz/partnerships/32847/0001/DD01562/32847_1020705388_0007/32847_1020705388_0007-00255.jpg,2178946,119895392,"Ship Name: Splendice, 1828 Dec 5. Image provided by Ancestry.",Image (JPG)
32847_1020705388_0007-00256.jpg,https://s3.amazonaws.com/NARAprodstorage/lz/partnerships/32847/0001/DD01562/32847_1020705388_0007/32847_1020705388_0007-00256.jpg,2578873,119895393,Image provided by Ancestry.,Image (JPG)
32847_1020705388_0007-00257.jpg,https://s3.amazonaws.com/NARAprodstorage/lz/partnerships/32847/0001/DD01562/32847_1020705388_0007/32847_1020705388_0007-00257.jpg,2101143,119895394,"Ship Name: Cannon, 1828 Dec 10. Image provided by Ancestry.",Image (JPG)
32847_1020705388_0007-00258.jpg,https://s3.amazonaws.com/NARAprodstorage/lz/partnerships/32847/0001/DD01562/32847_1020705388_0007/32847_1020705388_0007-00258.jpg,2479733,119895395,Image provided by Ancestry.,Image (JPG)
32847_1020705388_0007-00259.jpg,https://s3.amazonaws.com/NARAprodstorage/lz/partnerships/32847/0001/DD01562/32847_1020705388_0007/32847_1020705388_0007-00259.jpg,2443312,119895396,"Ship Name: Emblem, 1828 Dec 11. Image provided by Ancestry.",Image (JPG)
32847_1020705388_0007-00260.jpg,https://s3.amazonaws.com/NARAprodstorage/lz/partnerships/32847/0001/DD01562/32847_1020705388_0007/32847_1020705388_0007-00260.jpg,2406695,119895397,Image provided by Ancestry.,Image (JPG)
32847_1020705388_0007-00261.jpg,https://s3.amazonaws.com/NARAprodstorage/lz/partnerships/32847/0001/DD01562/32847_1020705388_0007/32847_1020705388_0007-00261.jpg,2634539,119895398,"Ship Name: Sch Cannon, 1828 Dec 11. Image provided by Ancestry.",Image (JPG)
32847_1020705388_0007-00262.jpg,https://s3.amazonaws.com/NARAprodstorage/lz/partnerships/32847/0001/DD01562/32847_1020705388_0007/32847_1020705388_0007-00262.jpg,4030984,119895399,"Ship Name: Orleans Packet, 1828 Dec 13. Image provided by Ancestry.",Image (JPG)
32847_1020705388_0007-00263.jpg,https://s3.amazonaws.com/NARAprodstorage/lz/partnerships/32847/0001/DD01562/32847_1020705388_0007/32847_1020705388_0007-00263.jpg,4617149,119895400,"Ship Name: Orleans Packet, 1828 Dec 13. Image provided by Ancestry.",Image (JPG)
32847_1020705388_0007-00264.jpg,https://s3.amazonaws.com/NARAprodstorage/lz/partnerships/32847/0001/DD01562/32847_1020705388_0007/32847_1020705388_0007-00264.jpg,5208321,119895401,"Ship Name: Orleans Packet, 1828 Dec 13. Image provided by Ancestry.",Image (JPG)
32847_1020705388_0007-00265.jpg,https://s3.amazonaws.com/NARAprodstorage/lz/partnerships/32847/0001/DD01562/32847_1020705388_0007/32847_1020705388_0007-00265.jpg,4653326,119895402,"Ship Name: Orleans Packet, 1828 Dec 15. Image provided by Ancestry.",Image (JPG)
32847_1020705388_0007-00266.jpg,https://s3.amazonaws.com/NARAprodstorage/lz/partnerships/32847/0001/DD01562/32847_1020705388_0007/32847_1020705388_0007-00266.jpg,3595134,119895403,Image provided by Ancestry.,Image (JPG)
32847_1020705388_0007-00267.jpg,https://s3.amazonaws.com/NARAprodstorage/lz/partnerships/32847/0001/DD01562/32847_1020705388_0007/32847_1020705388_0007-00267.jpg,2911386,119895404,"Ship Name: Orleans Packet, 1828 Dec 15. Image provided by Ancestry.",Image (JPG)
32847_1020705388_0007-00268.jpg,https://s3.amazonaws.com/NARAprodstorage/lz/partnerships/32847/0001/DD01562/32847_1020705388_0007/32847_1020705388_0007-00268.jpg,3362827,119895405,"Ship Name: Orleans Packet, 1828 Dec 15. Image provided by Ancestry.",Image (JPG)
32847_1020705388_0007-00269.jpg,https://s3.amazonaws.com/NARAprodstorage/lz/partnerships/32847/0001/DD01562/32847_1020705388_0007/32847_1020705388_0007-00269.jpg,3548783,119895406,"Ship Name: Orleans Packet, 1828 Dec 15. Image provided by Ancestry.",Image (JPG)
32847_1020705388_0007-00270.jpg,https://s3.amazonaws.com/NARAprodstorage/lz/partnerships/32847/0001/DD01562/32847_1020705388_0007/32847_1020705388_0007-00270.jpg,2151045,119895407,Image provided by Ancestry.,Image (JPG)
32847_1020705388_0007-00271.jpg,https://s3.amazonaws.com/NARAprodstorage/lz/partnerships/32847/0001/DD01562/32847_1020705388_0007/32847_1020705388_0007-00271.jpg,1869804,119895408,"Ship Name: Mobile, 1828 Dec 16. Image provided by Ancestry.",Image (JPG)
32847_1020705388_0007-00272.jpg,https://s3.amazonaws.com/NARAprodstorage/lz/partnerships/32847/0001/DD01562/32847_1020705388_0007/32847_1020705388_0007-00272.jpg,2258563,119895409,Image provided by Ancestry.,Image (JPG)
32847_1020705388_0007-00273.jpg,https://s3.amazonaws.com/NARAprodstorage/lz/partnerships/32847/0001/DD01562/32847_1020705388_0007/32847_1020705388_0007-00273.jpg,1971243,119895410,"Ship Name: Mobile, 1828 Dec 16. Image provided by Ancestry.",Image (JPG)
32847_1020705388_0007-00274.jpg,https://s3.amazonaws.com/NARAprodstorage/lz/partnerships/32847/0001/DD01562/32847_1020705388_0007/32847_1020705388_0007-00274.jpg,2582137,119895411,Image provided by Ancestry.,Image (JPG)
32847_1020705388_0007-00275.jpg,https://s3.amazonaws.com/NARAprodstorage/lz/partnerships/32847/0001/DD01562/32847_1020705388_0007/32847_1020705388_0007-00275.jpg,1964857,119895412,"Ship Name: Mobile, 1828 Dec 17. Image provided by Ancestry.",Image (JPG)
32847_1020705388_0007-00276.jpg,https://s3.amazonaws.com/NARAprodstorage/lz/partnerships/32847/0001/DD01562/32847_1020705388_0007/32847_1020705388_0007-00276.jpg,4135470,119895413,Image provided by Ancestry.,Image (JPG)
32847_1020705388_0007-00277.jpg,https://s3.amazonaws.com/NARAprodstorage/lz/partnerships/32847/0001/DD01562/32847_1020705388_0007/32847_1020705388_0007-00277.jpg,4725905,119895414,"Ship Name: Schooner, 1828 Dec 17. Image provided by Ancestry.",Image (JPG)
32847_1020705388_0007-00278.jpg,https://s3.amazonaws.com/NARAprodstorage/lz/partnerships/32847/0001/DD01562/32847_1020705388_0007/32847_1020705388_0007-00278.jpg,4218067,119895415,"Ship Name: Schooner, 1828 Dec 17. Image provided by Ancestry.",Image (JPG)
32847_1020705388_0007-00279.jpg,https://s3.amazonaws.com/NARAprodstorage/lz/partnerships/32847/0001/DD01562/32847_1020705388_0007/32847_1020705388_0007-00279.jpg,3772521,119895416,Image provided by Ancestry.,Image (JPG)
32847_1020705388_0007-00280.jpg,https://s3.amazonaws.com/NARAprodstorage/lz/partnerships/32847/0001/DD01562/32847_1020705388_0007/32847_1020705388_0007-00280.jpg,4238789,119895417,"Ship Name: Schooner, 1828 Dec 17. Image provided by Ancestry.",Image (JPG)
32847_1020705388_0007-00281.jpg,https://s3.amazonaws.com/NARAprodstorage/lz/partnerships/32847/0001/DD01562/32847_1020705388_0007/32847_1020705388_0007-00281.jpg,3771019,119895418,"Ship Name: Schooner, 1828 Dec 17. Image provided by Ancestry.",Image (JPG)
32847_1020705388_0007-00282.jpg,https://s3.amazonaws.com/NARAprodstorage/lz/partnerships/32847/0001/DD01562/32847_1020705388_0007/32847_1020705388_0007-00282.jpg,3380081,119895419,Image provided by Ancestry.,Image (JPG)
32847_1020705388_0007-00283.jpg,https://s3.amazonaws.com/NARAprodstorage/lz/partnerships/32847/0001/DD01562/32847_1020705388_0007/32847_1020705388_0007-00283.jpg,3276923,119895420,Image provided by Ancestry.,Image (JPG)
32847_1020705388_0007-00284.jpg,https://s3.amazonaws.com/NARAprodstorage/lz/partnerships/32847/0001/DD01562/32847_1020705388_0007/32847_1020705388_0007-00284.jpg,2382608,119895421,Image provided by Ancestry.,Image (JPG)
32847_1020705388_0007-00285.jpg,https://s3.amazonaws.com/NARAprodstorage/lz/partnerships/32847/0001/DD01562/32847_1020705388_0007/32847_1020705388_0007-00285.jpg,2791789,119895422,"Ship Name: Mary Splenelin, 1828 Dec 18. Image provided by Ancestry.",Image (JPG)
32847_1020705388_0007-00286.jpg,https://s3.amazonaws.com/NARAprodstorage/lz/partnerships/32847/0001/DD01562/32847_1020705388_0007/32847_1020705388_0007-00286.jpg,2581125,119895423,Image provided by Ancestry.,Image (JPG)
32847_1020705388_0007-00287.jpg,https://s3.amazonaws.com/NARAprodstorage/lz/partnerships/32847/0001/DD01562/32847_1020705388_0007/32847_1020705388_0007-00287.jpg,2222569,119895424,"Ship Name: Elisabeth, 1828 Dec 19. Image provided by Ancestry.",Image (JPG)
32847_1020705388_0007-00288.jpg,https://s3.amazonaws.com/NARAprodstorage/lz/partnerships/32847/0001/DD01562/32847_1020705388_0007/32847_1020705388_0007-00288.jpg,2637565,119895425,Image provided by Ancestry.,Image (JPG)
32847_1020705388_0007-00289.jpg,https://s3.amazonaws.com/NARAprodstorage/lz/partnerships/32847/0001/DD01562/32847_1020705388_0007/32847_1020705388_0007-00289.jpg,2336314,119895426,"Ship Name: Cannon, 1828 Dec 24. Image provided by Ancestry.",Image (JPG)
32847_1020705388_0007-00290.jpg,https://s3.amazonaws.com/NARAprodstorage/lz/partnerships/32847/0001/DD01562/32847_1020705388_0007/32847_1020705388_0007-00290.jpg,2464236,119895427,Image provided by Ancestry.,Image (JPG)
32847_1020705388_0007-00291.jpg,https://s3.amazonaws.com/NARAprodstorage/lz/partnerships/32847/0001/DD01562/32847_1020705388_0007/32847_1020705388_0007-00291.jpg,2263005,119895428,"Ship Name: Cannon, 1828 Dec 25. Image provided by Ancestry.",Image (JPG)
32847_1020705388_0007-00292.jpg,https://s3.amazonaws.com/NARAprodstorage/lz/partnerships/32847/0001/DD01562/32847_1020705388_0007/32847_1020705388_0007-00292.jpg,2569767,119895429,Image provided by Ancestry.,Image (JPG)
32847_1020705388_0007-00293.jpg,https://s3.amazonaws.com/NARAprodstorage/lz/partnerships/32847/0001/DD01562/32847_1020705388_0007/32847_1020705388_0007-00293.jpg,2284160,119895430,"Ship Name: Mesperus, 1828 Dec 29. Image provided by Ancestry.",Image (JPG)
32847_1020705388_0007-00294.jpg,https://s3.amazonaws.com/NARAprodstorage/lz/partnerships/32847/0001/DD01562/32847_1020705388_0007/32847_1020705388_0007-00294.jpg,1076891,119895431,Image provided by Ancestry.,Image (JPG)
32847_1020705388_0007-00295.jpg,https://s3.amazonaws.com/NARAprodstorage/lz/partnerships/32847/0001/DD01562/32847_1020705388_0007/32847_1020705388_0007-00295.jpg,1975251,119895432,Image provided by Ancestry.,Image (JPG)
32847_1020705388_0007-00296.jpg,https://s3.amazonaws.com/NARAprodstorage/lz/partnerships/32847/0001/DD01562/32847_1020705388_0007/32847_1020705388_0007-00296.jpg,2277453,119895433,"Ship Name: Mary Splerdice, 1829 Jan 5. Image provided by Ancestry.",Image (JPG)
32847_1020705388_0007-00297.jpg,https://s3.amazonaws.com/NARAprodstorage/lz/partnerships/32847/0001/DD01562/32847_1020705388_0007/32847_1020705388_0007-00297.jpg,2327771,119895434,Image provided by Ancestry.,Image (JPG)
32847_1020705388_0007-00298.jpg,https://s3.amazonaws.com/NARAprodstorage/lz/partnerships/32847/0001/DD01562/32847_1020705388_0007/32847_1020705388_0007-00298.jpg,2167074,119895435,"Ship Name: Elizabeth, 1829 Jan 6. Image provided by Ancestry.",Image (JPG)
32847_1020705388_0007-00299.jpg,https://s3.amazonaws.com/NARAprodstorage/lz/partnerships/32847/0001/DD01562/32847_1020705388_0007/32847_1020705388_0007-00299.jpg,3241937,119895436,"Ship Name: Magnolia, 1829 Jan 6. Image provided by Ancestry.",Image (JPG)
32847_1020705388_0007-00299.jpg,https://s3.amazonaws.com/NARAprodstorage/lz/partnerships/32847/0001/DD01562/32847_1020705388_0007/32847_1020705388_0007-00299.jpg,3241937,119895437,"Ship Name: Schooner Magnolia, 1829 Jan 6. Image provided by Ancestry.",Image (JPG)
32847_1020705388_0007-00300.jpg,https://s3.amazonaws.com/NARAprodstorage/lz/partnerships/32847/0001/DD01562/32847_1020705388_0007/32847_1020705388_0007-00300.jpg,2525977,119895438,"Ship Name: Magnolia, 1829 Jan 6. Image provided by Ancestry.",Image (JPG)
32847_1020705388_0007-00300.jpg,https://s3.amazonaws.com/NARAprodstorage/lz/partnerships/32847/0001/DD01562/32847_1020705388_0007/32847_1020705388_0007-00300.jpg,2525977,119895439,"Ship Name: Schooner Magnolia, 1829 Jan 6. Image provided by Ancestry.",Image (JPG)
32847_1020705388_0007-00301.jpg,https://s3.amazonaws.com/NARAprodstorage/lz/partnerships/32847/0001/DD01562/32847_1020705388_0007/32847_1020705388_0007-00301.jpg,3076890,119895440,Image provided by Ancestry.,Image (JPG)
32847_1020705388_0007-00302.jpg,https://s3.amazonaws.com/NARAprodstorage/lz/partnerships/32847/0001/DD01562/32847_1020705388_0007/32847_1020705388_0007-00302.jpg,2156068,119895441,"Ship Name: Magnolia, 1829 Jan 7. Image provided by Ancestry.",Image (JPG)
32847_1020705388_0007-00303.jpg,https://s3.amazonaws.com/NARAprodstorage/lz/partnerships/32847/0001/DD01562/32847_1020705388_0007/32847_1020705388_0007-00303.jpg,3945215,119895442,"Ship Name: Magnolia, 1829 Jan 7. Image provided by Ancestry.",Image (JPG)
32847_1020705388_0007-00304.jpg,https://s3.amazonaws.com/NARAprodstorage/lz/partnerships/32847/0001/DD01562/32847_1020705388_0007/32847_1020705388_0007-00304.jpg,3717753,119895443,"Ship Name: Magnolia, 1829 Jan 7. Image provided by Ancestry.",Image (JPG)
32847_1020705388_0007-00305.jpg,https://s3.amazonaws.com/NARAprodstorage/lz/partnerships/32847/0001/DD01562/32847_1020705388_0007/32847_1020705388_0007-00305.jpg,3665050,119895444,Image provided by Ancestry.,Image (JPG)
32847_1020705388_0007-00306.jpg,https://s3.amazonaws.com/NARAprodstorage/lz/partnerships/32847/0001/DD01562/32847_1020705388_0007/32847_1020705388_0007-00306.jpg,2881920,119895445,"Ship Name: Magnolia, 1829 Jan 7. Image provided by Ancestry.",Image (JPG)
32847_1020705388_0007-00307.jpg,https://s3.amazonaws.com/NARAprodstorage/lz/partnerships/32847/0001/DD01562/32847_1020705388_0007/32847_1020705388_0007-00307.jpg,3195531,119895446,"Ship Name: Magnolia, 1829 Jan 7. Image provided by Ancestry.",Image (JPG)
32847_1020705388_0007-00308.jpg,https://s3.amazonaws.com/NARAprodstorage/lz/partnerships/32847/0001/DD01562/32847_1020705388_0007/32847_1020705388_0007-00308.jpg,2654984,119895447,Image provided by Ancestry.,Image (JPG)
32847_1020705388_0007-00309.jpg,https://s3.amazonaws.com/NARAprodstorage/lz/partnerships/32847/0001/DD01562/32847_1020705388_0007/32847_1020705388_0007-00309.jpg,2675956,119895448,Image provided by Ancestry.,Image (JPG)
32847_1020705388_0007-00310.jpg,https://s3.amazonaws.com/NARAprodstorage/lz/partnerships/32847/0001/DD01562/32847_1020705388_0007/32847_1020705388_0007-00310.jpg,2436360,119895449,"Ship Name: Virginia, 1829 Jan 7. Image provided by Ancestry.",Image (JPG)
32847_1020705388_0007-00311.jpg,https://s3.amazonaws.com/NARAprodstorage/lz/partnerships/32847/0001/DD01562/32847_1020705388_0007/32847_1020705388_0007-00311.jpg,2803048,119895450,Image provided by Ancestry.,Image (JPG)
32847_1020705388_0007-00312.jpg,https://s3.amazonaws.com/NARAprodstorage/lz/partnerships/32847/0001/DD01562/32847_1020705388_0007/32847_1020705388_0007-00312.jpg,2329281,119895451,"Ship Name: Exit, 1829. Image provided by Ancestry.",Image (JPG)
32847_1020705388_0007-00313.jpg,https://s3.amazonaws.com/NARAprodstorage/lz/partnerships/32847/0001/DD01562/32847_1020705388_0007/32847_1020705388_0007-00313.jpg,2670005,119895452,Image provided by Ancestry.,Image (JPG)
32847_1020705388_0007-00314.jpg,https://s3.amazonaws.com/NARAprodstorage/lz/partnerships/32847/0001/DD01562/32847_1020705388_0007/32847_1020705388_0007-00314.jpg,2459286,119895453,"Ship Name: Orleans, 1829 Jan 10. Image provided by Ancestry.",Image (JPG)
32847_1020705388_0007-00315.jpg,https://s3.amazonaws.com/NARAprodstorage/lz/partnerships/32847/0001/DD01562/32847_1020705388_0007/32847_1020705388_0007-00315.jpg,2535180,119895454,Image provided by Ancestry.,Image (JPG)
32847_1020705388_0007-00316.jpg,https://s3.amazonaws.com/NARAprodstorage/lz/partnerships/32847/0001/DD01562/32847_1020705388_0007/32847_1020705388_0007-00316.jpg,2386324,119895455,"Ship Name: Orleans, 1829 Jan 10. Image provided by Ancestry.",Image (JPG)
32847_1020705388_0007-00317.jpg,https://s3.amazonaws.com/NARAprodstorage/lz/partnerships/32847/0001/DD01562/32847_1020705388_0007/32847_1020705388_0007-00317.jpg,2697351,119895456,Image provided by Ancestry.,Image (JPG)
32847_1020705388_0007-00318.jpg,https://s3.amazonaws.com/NARAprodstorage/lz/partnerships/32847/0001/DD01562/32847_1020705388_0007/32847_1020705388_0007-00318.jpg,2775614,119895457,"Ship Name: Sun, 1829 Jan 12. Image provided by Ancestry.",Image (JPG)
32847_1020705388_0007-00319.jpg,https://s3.amazonaws.com/NARAprodstorage/lz/partnerships/32847/0001/DD01562/32847_1020705388_0007/32847_1020705388_0007-00319.jpg,2858047,119895458,Image provided by Ancestry.,Image (JPG)
32847_1020705388_0007-00320.jpg,https://s3.amazonaws.com/NARAprodstorage/lz/partnerships/32847/0001/DD01562/32847_1020705388_0007/32847_1020705388_0007-00320.jpg,2558753,119895459,"Ship Name: Splenolid, 1829 Jan 20. Image provided by Ancestry.",Image (JPG)
32847_1020705388_0007-00321.jpg,https://s3.amazonaws.com/NARAprodstorage/lz/partnerships/32847/0001/DD01562/32847_1020705388_0007/32847_1020705388_0007-00321.jpg,2707262,119895460,Image provided by Ancestry.,Image (JPG)
32847_1020705388_0007-00322.jpg,https://s3.amazonaws.com/NARAprodstorage/lz/partnerships/32847/0001/DD01562/32847_1020705388_0007/32847_1020705388_0007-00322.jpg,2405098,119895461,"Ship Name: Mobile, 1829 Jan 20. Image provided by Ancestry.",Image (JPG)
32847_1020705388_0007-00323.jpg,https://s3.amazonaws.com/NARAprodstorage/lz/partnerships/32847/0001/DD01562/32847_1020705388_0007/32847_1020705388_0007-00323.jpg,2763122,119895462,Image provided by Ancestry.,Image (JPG)
32847_1020705388_0007-00324.jpg,https://s3.amazonaws.com/NARAprodstorage/lz/partnerships/32847/0001/DD01562/32847_1020705388_0007/32847_1020705388_0007-00324.jpg,2391742,119895463,"Ship Name: Marcella, 1829 Jan 21. Image provided by Ancestry.",Image (JPG)
32847_1020705388_0007-00325.jpg,https://s3.amazonaws.com/NARAprodstorage/lz/partnerships/32847/0001/DD01562/32847_1020705388_0007/32847_1020705388_0007-00325.jpg,2770748,119895464,Image provided by Ancestry.,Image (JPG)
32847_1020705388_0007-00326.jpg,https://s3.amazonaws.com/NARAprodstorage/lz/partnerships/32847/0001/DD01562/32847_1020705388_0007/32847_1020705388_0007-00326.jpg,2400051,119895465,"Ship Name: Exit, 1829 Jan 24. Image provided by Ancestry.",Image (JPG)
32847_1020705388_0007-00327.jpg,https://s3.amazonaws.com/NARAprodstorage/lz/partnerships/32847/0001/DD01562/32847_1020705388_0007/32847_1020705388_0007-00327.jpg,2796313,119895466,Image provided by Ancestry.,Image (JPG)
32847_1020705388_0007-00328.jpg,https://s3.amazonaws.com/NARAprodstorage/lz/partnerships/32847/0001/DD01562/32847_1020705388_0007/32847_1020705388_0007-00328.jpg,2295652,119895467,"Ship Name: Virginia, 1829 Jan 28. Image provided by Ancestry.",Image (JPG)
32847_1020705388_0007-00329.jpg,https://s3.amazonaws.com/NARAprodstorage/lz/partnerships/32847/0001/DD01562/32847_1020705388_0007/32847_1020705388_0007-00329.jpg,3132975,119895468,Image provided by Ancestry.,Image (JPG)
32847_1020705388_0007-00330.jpg,https://s3.amazonaws.com/NARAprodstorage/lz/partnerships/32847/0001/DD01562/32847_1020705388_0007/32847_1020705388_0007-00330.jpg,2925208,119895469,"Ship Name: New York, 1829 Jan 28. Image provided by Ancestry.",Image (JPG)
32847_1020705388_0007-00331.jpg,https://s3.amazonaws.com/NARAprodstorage/lz/partnerships/32847/0001/DD01562/32847_1020705388_0007/32847_1020705388_0007-00331.jpg,1095969,119895470,Image provided by Ancestry.,Image (JPG)
32847_1020705388_0007-00332.jpg,https://s3.amazonaws.com/NARAprodstorage/lz/partnerships/32847/0001/DD01562/32847_1020705388_0007/32847_1020705388_0007-00332.jpg,2390147,119895471,Image provided by Ancestry.,Image (JPG)
32847_1020705388_0007-00333.jpg,https://s3.amazonaws.com/NARAprodstorage/lz/partnerships/32847/0001/DD01562/32847_1020705388_0007/32847_1020705388_0007-00333.jpg,2281835,119895472,"Ship Name: Mobile, 1829 Feb 4. Image provided by Ancestry.",Image (JPG)
32847_1020705388_0007-00334.jpg,https://s3.amazonaws.com/NARAprodstorage/lz/partnerships/32847/0001/DD01562/32847_1020705388_0007/32847_1020705388_0007-00334.jpg,2465152,119895473,"Ship Name: Splenolid, 1829 Feb 4. Image provided by Ancestry.",Image (JPG)
32847_1020705388_0007-00335.jpg,https://s3.amazonaws.com/NARAprodstorage/lz/partnerships/32847/0001/DD01562/32847_1020705388_0007/32847_1020705388_0007-00335.jpg,2534580,119895474,Image provided by Ancestry.,Image (JPG)
32847_1020705388_0007-00336.jpg,https://s3.amazonaws.com/NARAprodstorage/lz/partnerships/32847/0001/DD01562/32847_1020705388_0007/32847_1020705388_0007-00336.jpg,1903237,119895475,1829 Feb 6. Image provided by Ancestry.,Image (JPG)
32847_1020705388_0007-00337.jpg,https://s3.amazonaws.com/NARAprodstorage/lz/partnerships/32847/0001/DD01562/32847_1020705388_0007/32847_1020705388_0007-00337.jpg,1802734,119895476,Image provided by Ancestry.,Image (JPG)
32847_1020705388_0007-00338.jpg,https://s3.amazonaws.com/NARAprodstorage/lz/partnerships/32847/0001/DD01562/32847_1020705388_0007/32847_1020705388_0007-00338.jpg,2830162,119895477,Image provided by Ancestry.,Image (JPG)
32847_1020705388_0007-00339.jpg,https://s3.amazonaws.com/NARAprodstorage/lz/partnerships/32847/0001/DD01562/32847_1020705388_0007/32847_1020705388_0007-00339.jpg,2318542,119895478,"Ship Name: Magnolia, 1829 Feb 9. Image provided by Ancestry.",Image (JPG)
32847_1020705388_0007-00340.jpg,https://s3.amazonaws.com/NARAprodstorage/lz/partnerships/32847/0001/DD01562/32847_1020705388_0007/32847_1020705388_0007-00340.jpg,2668228,119895479,Image provided by Ancestry.,Image (JPG)
32847_1020705388_0007-00341.jpg,https://s3.amazonaws.com/NARAprodstorage/lz/partnerships/32847/0001/DD01562/32847_1020705388_0007/32847_1020705388_0007-00341.jpg,2601142,119895480,"Ship Name: Magnolia, 1829 Feb 9. Image provided by Ancestry.",Image (JPG)
32847_1020705388_0007-00342.jpg,https://s3.amazonaws.com/NARAprodstorage/lz/partnerships/32847/0001/DD01562/32847_1020705388_0007/32847_1020705388_0007-00342.jpg,4750058,119895481,Image provided by Ancestry.,Image (JPG)
32847_1020705388_0007-00343.jpg,https://s3.amazonaws.com/NARAprodstorage/lz/partnerships/32847/0001/DD01562/32847_1020705388_0007/32847_1020705388_0007-00343.jpg,4969021,119895482,"Ship Name: Magnolia, 1829 Feb 9. Image provided by Ancestry.",Image (JPG)
32847_1020705388_0007-00344.jpg,https://s3.amazonaws.com/NARAprodstorage/lz/partnerships/32847/0001/DD01562/32847_1020705388_0007/32847_1020705388_0007-00344.jpg,2754446,119895483,"Ship Name: Mobile, 1829 Feb 9. Image provided by Ancestry.",Image (JPG)
32847_1020705388_0007-00345.jpg,https://s3.amazonaws.com/NARAprodstorage/lz/partnerships/32847/0001/DD01562/32847_1020705388_0007/32847_1020705388_0007-00345.jpg,2529127,119895484,"Ship Name: Mobile, 1829 Feb 9. Image provided by Ancestry.",Image (JPG)
32847_1020705388_0007-00346.jpg,https://s3.amazonaws.com/NARAprodstorage/lz/partnerships/32847/0001/DD01562/32847_1020705388_0007/32847_1020705388_0007-00346.jpg,2727359,119895485,Image provided by Ancestry.,Image (JPG)
32847_1020705388_0007-00347.jpg,https://s3.amazonaws.com/NARAprodstorage/lz/partnerships/32847/0001/DD01562/32847_1020705388_0007/32847_1020705388_0007-00347.jpg,2372769,119895486,Image provided by Ancestry.,Image (JPG)
32847_1020705388_0007-00348.jpg,https://s3.amazonaws.com/NARAprodstorage/lz/partnerships/32847/0001/DD01562/32847_1020705388_0007/32847_1020705388_0007-00348.jpg,2292773,119895487,"Ship Name: Exit, 1829 Feb 12. Image provided by Ancestry.",Image (JPG)
32847_1020705388_0007-00349.jpg,https://s3.amazonaws.com/NARAprodstorage/lz/partnerships/32847/0001/DD01562/32847_1020705388_0007/32847_1020705388_0007-00349.jpg,2747373,119895488,Image provided by Ancestry.,Image (JPG)
32847_1020705388_0007-00350.jpg,https://s3.amazonaws.com/NARAprodstorage/lz/partnerships/32847/0001/DD01562/32847_1020705388_0007/32847_1020705388_0007-00350.jpg,2607914,119895489,"Ship Name: Cannon, 1829 Feb 13. Image provided by Ancestry.",Image (JPG)
32847_1020705388_0007-00351.jpg,https://s3.amazonaws.com/NARAprodstorage/lz/partnerships/32847/0001/DD01562/32847_1020705388_0007/32847_1020705388_0007-00351.jpg,2594815,119895490,Image provided by Ancestry.,Image (JPG)
32847_1020705388_0007-00352.jpg,https://s3.amazonaws.com/NARAprodstorage/lz/partnerships/32847/0001/DD01562/32847_1020705388_0007/32847_1020705388_0007-00352.jpg,2196249,119895491,"Ship Name: Elisabeth, 1829 Feb 14. Image provided by Ancestry.",Image (JPG)
32847_1020705388_0007-00353.jpg,https://s3.amazonaws.com/NARAprodstorage/lz/partnerships/32847/0001/DD01562/32847_1020705388_0007/32847_1020705388_0007-00353.jpg,2499899,119895492,Image provided by Ancestry.,Image (JPG)
32847_1020705388_0007-00354.jpg,https://s3.amazonaws.com/NARAprodstorage/lz/partnerships/32847/0001/DD01562/32847_1020705388_0007/32847_1020705388_0007-00354.jpg,2198669,119895493,"Ship Name: Elisabeth, 1829 Feb 14. Image provided by Ancestry.",Image (JPG)
32847_1020705388_0007-00355.jpg,https://s3.amazonaws.com/NARAprodstorage/lz/partnerships/32847/0001/DD01562/32847_1020705388_0007/32847_1020705388_0007-00355.jpg,1203205,119895494,Image provided by Ancestry.,Image (JPG)
32847_1020705388_0007-00356.jpg,https://s3.amazonaws.com/NARAprodstorage/lz/partnerships/32847/0001/DD01562/32847_1020705388_0007/32847_1020705388_0007-00356.jpg,1923198,119895495,Image provided by Ancestry.,Image (JPG)
32847_1020705388_0007-00357.jpg,https://s3.amazonaws.com/NARAprodstorage/lz/partnerships/32847/0001/DD01562/32847_1020705388_0007/32847_1020705388_0007-00357.jpg,1625883,119895496,"Ship Name: America, 1828 Feb 16. Image provided by Ancestry.",Image (JPG)
32847_1020705388_0007-00358.jpg,https://s3.amazonaws.com/NARAprodstorage/lz/partnerships/32847/0001/DD01562/32847_1020705388_0007/32847_1020705388_0007-00358.jpg,2582236,119895497,Image provided by Ancestry.,Image (JPG)
32847_1020705388_0007-00359.jpg,https://s3.amazonaws.com/NARAprodstorage/lz/partnerships/32847/0001/DD01562/32847_1020705388_0007/32847_1020705388_0007-00359.jpg,2507579,119895498,"Ship Name: Mobile, 1829 Feb 17. Image provided by Ancestry.",Image (JPG)
32847_1020705388_0007-00360.jpg,https://s3.amazonaws.com/NARAprodstorage/lz/partnerships/32847/0001/DD01562/32847_1020705388_0007/32847_1020705388_0007-00360.jpg,2503063,119895499,Image provided by Ancestry.,Image (JPG)
32847_1020705388_0007-00361.jpg,https://s3.amazonaws.com/NARAprodstorage/lz/partnerships/32847/0001/DD01562/32847_1020705388_0007/32847_1020705388_0007-00361.jpg,2190278,119895500,"Ship Name: Emblem, 1829 Feb 18. Image provided by Ancestry.",Image (JPG)
32847_1020705388_0007-00362.jpg,https://s3.amazonaws.com/NARAprodstorage/lz/partnerships/32847/0001/DD01562/32847_1020705388_0007/32847_1020705388_0007-00362.jpg,2223877,119895501,Image provided by Ancestry.,Image (JPG)
32847_1020705388_0007-00363.jpg,https://s3.amazonaws.com/NARAprodstorage/lz/partnerships/32847/0001/DD01562/32847_1020705388_0007/32847_1020705388_0007-00363.jpg,2408005,119895502,"Ship Name: Emblem, 1829 Feb 2. Image provided by Ancestry.",Image (JPG)
32847_1020705388_0007-00364.jpg,https://s3.amazonaws.com/NARAprodstorage/lz/partnerships/32847/0001/DD01562/32847_1020705388_0007/32847_1020705388_0007-00364.jpg,4023254,119895503,"Ship Name: Splendid, 1829 Feb 2. Image provided by Ancestry.",Image (JPG)
32847_1020705388_0007-00365.jpg,https://s3.amazonaws.com/NARAprodstorage/lz/partnerships/32847/0001/DD01562/32847_1020705388_0007/32847_1020705388_0007-00365.jpg,3828059,119895504,Image provided by Ancestry.,Image (JPG)
32847_1020705388_0007-00366.jpg,https://s3.amazonaws.com/NARAprodstorage/lz/partnerships/32847/0001/DD01562/32847_1020705388_0007/32847_1020705388_0007-00366.jpg,2532337,119895505,Image provided by Ancestry.,Image (JPG)
32847_1020705388_0007-00367.jpg,https://s3.amazonaws.com/NARAprodstorage/lz/partnerships/32847/0001/DD01562/32847_1020705388_0007/32847_1020705388_0007-00367.jpg,2605717,119895506,"Ship Name: Schooner Splendid, 1829 Feb 26. Image provided by Ancestry.",Image (JPG)
32847_1020705388_0007-00367.jpg,https://s3.amazonaws.com/NARAprodstorage/lz/partnerships/32847/0001/DD01562/32847_1020705388_0007/32847_1020705388_0007-00367.jpg,2605717,119895507,"Ship Name: Splendid, 1829 Feb 26. Image provided by Ancestry.",Image (JPG)
32847_1020705388_0007-00368.jpg,https://s3.amazonaws.com/NARAprodstorage/lz/partnerships/32847/0001/DD01562/32847_1020705388_0007/32847_1020705388_0007-00368.jpg,2342527,119895508,Image provided by Ancestry.,Image (JPG)
32847_1020705388_0007-00369.jpg,https://s3.amazonaws.com/NARAprodstorage/lz/partnerships/32847/0001/DD01562/32847_1020705388_0007/32847_1020705388_0007-00369.jpg,2013876,119895509,"Ship Name: Splendid, 1829 Feb 26. Image provided by Ancestry.",Image (JPG)
32847_1020705388_0007-00370.jpg,https://s3.amazonaws.com/NARAprodstorage/lz/partnerships/32847/0001/DD01562/32847_1020705388_0007/32847_1020705388_0007-00370.jpg,2291745,119895510,Image provided by Ancestry.,Image (JPG)
32847_1020705388_0007-00371.jpg,https://s3.amazonaws.com/NARAprodstorage/lz/partnerships/32847/0001/DD01562/32847_1020705388_0007/32847_1020705388_0007-00371.jpg,2138130,119895511,"Ship Name: Mobile, 1829 Feb 28. Image provided by Ancestry.",Image (JPG)
32847_1020705388_0007-00372.jpg,https://s3.amazonaws.com/NARAprodstorage/lz/partnerships/32847/0001/DD01562/32847_1020705388_0007/32847_1020705388_0007-00372.jpg,2503649,119895512,Image provided by Ancestry.,Image (JPG)
32847_1020705388_0007-00373.jpg,https://s3.amazonaws.com/NARAprodstorage/lz/partnerships/32847/0001/DD01562/32847_1020705388_0007/32847_1020705388_0007-00373.jpg,2303695,119895513,"Ship Name: Emblem, 1829 Mar 4. Image provided by Ancestry.",Image (JPG)
32847_1020705388_0007-00374.jpg,https://s3.amazonaws.com/NARAprodstorage/lz/partnerships/32847/0001/DD01562/32847_1020705388_0007/32847_1020705388_0007-00374.jpg,2430673,119895514,Image provided by Ancestry.,Image (JPG)
32847_1020705388_0007-00375.jpg,https://s3.amazonaws.com/NARAprodstorage/lz/partnerships/32847/0001/DD01562/32847_1020705388_0007/32847_1020705388_0007-00375.jpg,2089921,119895515,"Ship Name: Virginia, 1829 Mar 4. Image provided by Ancestry.",Image (JPG)
32847_1020705388_0007-00376.jpg,https://s3.amazonaws.com/NARAprodstorage/lz/partnerships/32847/0001/DD01562/32847_1020705388_0007/32847_1020705388_0007-00376.jpg,1224928,119895516,Image provided by Ancestry.,Image (JPG)
32847_1020705388_0007-00377.jpg,https://s3.amazonaws.com/NARAprodstorage/lz/partnerships/32847/0001/DD01562/32847_1020705388_0007/32847_1020705388_0007-00377.jpg,2121570,119895517,"Ship Name: Magnolia, 1829 Mar 4. Image provided by Ancestry.",Image (JPG)
32847_1020705388_0007-00378.jpg,https://s3.amazonaws.com/NARAprodstorage/lz/partnerships/32847/0001/DD01562/32847_1020705388_0007/32847_1020705388_0007-00378.jpg,2362723,119895518,Image provided by Ancestry.,Image (JPG)
32847_1020705388_0007-00379.jpg,https://s3.amazonaws.com/NARAprodstorage/lz/partnerships/32847/0001/DD01562/32847_1020705388_0007/32847_1020705388_0007-00379.jpg,2050403,119895519,"Ship Name: Magnolia, 1829 Mar 7. Image provided by Ancestry.",Image (JPG)
32847_1020705388_0007-00380.jpg,https://s3.amazonaws.com/NARAprodstorage/lz/partnerships/32847/0001/DD01562/32847_1020705388_0007/32847_1020705388_0007-00380.jpg,2233581,119895520,Image provided by Ancestry.,Image (JPG)
32847_1020705388_0007-00381.jpg,https://s3.amazonaws.com/NARAprodstorage/lz/partnerships/32847/0001/DD01562/32847_1020705388_0007/32847_1020705388_0007-00381.jpg,2344098,119895521,Image provided by Ancestry.,Image (JPG)
32847_1020705388_0007-00382.jpg,https://s3.amazonaws.com/NARAprodstorage/lz/partnerships/32847/0001/DD01562/32847_1020705388_0007/32847_1020705388_0007-00382.jpg,2770812,119895522,"Ship Name: Magnolia, 1829 Mar 17. Image provided by Ancestry.",Image (JPG)
32847_1020705388_0007-00383.jpg,https://s3.amazonaws.com/NARAprodstorage/lz/partnerships/32847/0001/DD01562/32847_1020705388_0007/32847_1020705388_0007-00383.jpg,2509684,119895523,Image provided by Ancestry.,Image (JPG)
32847_1020705388_0007-00384.jpg,https://s3.amazonaws.com/NARAprodstorage/lz/partnerships/32847/0001/DD01562/32847_1020705388_0007/32847_1020705388_0007-00384.jpg,2412935,119895524,"Ship Name: Magnolia, 1829 Mar 16. Image provided by Ancestry.",Image (JPG)
32847_1020705388_0007-00385.jpg,https://s3.amazonaws.com/NARAprodstorage/lz/partnerships/32847/0001/DD01562/32847_1020705388_0007/32847_1020705388_0007-00385.jpg,2174293,119895525,"Ship Name: Splendid, 1829 Mar 16. Image provided by Ancestry.",Image (JPG)
32847_1020705388_0007-00386.jpg,https://s3.amazonaws.com/NARAprodstorage/lz/partnerships/32847/0001/DD01562/32847_1020705388_0007/32847_1020705388_0007-00386.jpg,2484162,119895526,Image provided by Ancestry.,Image (JPG)
32847_1020705388_0007-00387.jpg,https://s3.amazonaws.com/NARAprodstorage/lz/partnerships/32847/0001/DD01562/32847_1020705388_0007/32847_1020705388_0007-00387.jpg,2386223,119895527,1829 Mar 14. Image provided by Ancestry.,Image (JPG)
32847_1020705388_0007-00388.jpg,https://s3.amazonaws.com/NARAprodstorage/lz/partnerships/32847/0001/DD01562/32847_1020705388_0007/32847_1020705388_0007-00388.jpg,2082134,119895528,Image provided by Ancestry.,Image (JPG)
32847_1020705388_0007-00389.jpg,https://s3.amazonaws.com/NARAprodstorage/lz/partnerships/32847/0001/DD01562/32847_1020705388_0007/32847_1020705388_0007-00389.jpg,1960032,119895529,"Ship Name: Splendid, 1829 Mar 14. Image provided by Ancestry.",Image (JPG)
32847_1020705388_0007-00390.jpg,https://s3.amazonaws.com/NARAprodstorage/lz/partnerships/32847/0001/DD01562/32847_1020705388_0007/32847_1020705388_0007-00390.jpg,2183990,119895530,"Ship Name: Mobile, 1829 Mar 14. Image provided by Ancestry.",Image (JPG)
32847_1020705388_0007-00391.jpg,https://s3.amazonaws.com/NARAprodstorage/lz/partnerships/32847/0001/DD01562/32847_1020705388_0007/32847_1020705388_0007-00391.jpg,2531449,119895531,Image provided by Ancestry.,Image (JPG)
32847_1020705388_0007-00392.jpg,https://s3.amazonaws.com/NARAprodstorage/lz/partnerships/32847/0001/DD01562/32847_1020705388_0007/32847_1020705388_0007-00392.jpg,2006390,119895532,"Ship Name: Cannor, 1829 Mar 12. Image provided by Ancestry.",Image (JPG)
32847_1020705388_0007-00393.jpg,https://s3.amazonaws.com/NARAprodstorage/lz/partnerships/32847/0001/DD01562/32847_1020705388_0007/32847_1020705388_0007-00393.jpg,2254870,119895533,Image provided by Ancestry.,Image (JPG)
32847_1020705388_0007-00394.jpg,https://s3.amazonaws.com/NARAprodstorage/lz/partnerships/32847/0001/DD01562/32847_1020705388_0007/32847_1020705388_0007-00394.jpg,2146541,119895534,"Ship Name: Cannor, 1829 Mar 11. Image provided by Ancestry.",Image (JPG)
32847_1020705388_0007-00395.jpg,https://s3.amazonaws.com/NARAprodstorage/lz/partnerships/32847/0001/DD01562/32847_1020705388_0007/32847_1020705388_0007-00395.jpg,2356588,119895535,Image provided by Ancestry.,Image (JPG)
32847_1020705388_0007-00396.jpg,https://s3.amazonaws.com/NARAprodstorage/lz/partnerships/32847/0001/DD01562/32847_1020705388_0007/32847_1020705388_0007-00396.jpg,2186112,119895536,"Ship Name: Aannah Sarah, 1829 Mar 11. Image provided by Ancestry.",Image (JPG)
32847_1020705388_0007-00397.jpg,https://s3.amazonaws.com/NARAprodstorage/lz/partnerships/32847/0001/DD01562/32847_1020705388_0007/32847_1020705388_0007-00397.jpg,2446559,119895537,Image provided by Ancestry.,Image (JPG)
32847_1020705388_0007-00398.jpg,https://s3.amazonaws.com/NARAprodstorage/lz/partnerships/32847/0001/DD01562/32847_1020705388_0007/32847_1020705388_0007-00398.jpg,2496902,119895538,"Ship Name: Exit, 1829 Mar 11. Image provided by Ancestry.",Image (JPG)
32847_1020705388_0007-00399.jpg,https://s3.amazonaws.com/NARAprodstorage/lz/partnerships/32847/0001/DD01562/32847_1020705388_0007/32847_1020705388_0007-00399.jpg,2466093,119895539,Image provided by Ancestry.,Image (JPG)
32847_1020705388_0007-00400.jpg,https://s3.amazonaws.com/NARAprodstorage/lz/partnerships/32847/0001/DD01562/32847_1020705388_0007/32847_1020705388_0007-00400.jpg,2268111,119895540,"Ship Name: Exit, 1829 Mar 9. Image provided by Ancestry.",Image (JPG)
32847_1020705388_0007-00401.jpg,https://s3.amazonaws.com/NARAprodstorage/lz/partnerships/32847/0001/DD01562/32847_1020705388_0007/32847_1020705388_0007-00401.jpg,2349056,119895541,Image provided by Ancestry.,Image (JPG)
32847_1020705388_0007-00402.jpg,https://s3.amazonaws.com/NARAprodstorage/lz/partnerships/32847/0001/DD01562/32847_1020705388_0007/32847_1020705388_0007-00402.jpg,2322361,119895542,"Ship Name: Exit, 1829 Mar 7. Image provided by Ancestry.",Image (JPG)
32847_1020705388_0007-00403.jpg,https://s3.amazonaws.com/NARAprodstorage/lz/partnerships/32847/0001/DD01562/32847_1020705388_0007/32847_1020705388_0007-00403.jpg,2249605,119895543,Image provided by Ancestry.,Image (JPG)
